"Kayserispor","İstanbul Başakşehir","0","1","%52,9","%54,1","%76,5","18","3","5","%47,1","%45,9","%23,5","15","0","4","352","71","%76,7","%65,9","18","%22,2","306","63","%73,9","%60,7","23","%30,4","0","14","4","6","6","8","%28,6","1","11","3","1","2","9","%27,3","13","%69,2","12","20","%80,0","17","17","0","0","23","3","0","2"
"Gaziantepspor","Eskişehirspor","1","1","%43,3","%50,9","%51,5","30","0","8","%56,7","%49,1","%48,5","13","3","4","294","60","%66,3","%56,3","23","%13,0","388","64","%70,9","%61,8","24","%16,7","1","12","6","3","7","5","%50,0","1","8","1","2","3","5","%12,5","16","%87,5","33","15","%80,0","28","15","1","0","20","1","0","0"
"Galatasaray","Kasımpaşa","4","1","%52,7","%48,2","%37,1","12","3","4","%47,3","%51,8","%62,9","20","4","3","447","68","%79,9","%69,0","11","%36,4","397","56","%82,4","%74,9","16","%31,3","4","10","6","0","2","8","%60,0","1","19","6","4","9","10","%31,6","19","%57,9","18","12","%100,0","10","17","1","0","19","2","0","1"
"Akhisarspor","Gençlerbirliği","1","0","%57,3","%52,3","%43,6","22","3","7","%42,7","%47,7","%56,4","23","1","4","484","55","%83,1","%70,1","36","%22,2","376","67","%75,5","%66,4","10","%10,0","1","15","7","2","8","7","%46,7","0","11","1","4","8","3","%9,1","18","%88,9","15","15","%86,7","20","15","2","0","21","2","0","1"
"Gaziantepspor","Bursaspor","2","3","%52,3","%55,3","%60,0","21","3","5","%47,7","%44,7","%40,0","34","0","5","360","79","%65,0","%58,0","18","%27,8","328","98","%65,2","%55,2","17","%23,5","2","15","7","2","8","7","%46,7","3","9","4","3","4","5","%44,4","12","%66,7","24","16","%68,8","19","13","3","0","18","3","0","2"
"Beşiktaş","Fenerbahçe","3","2","%43,9","%48,3","%62,1","4","2","3","%56,1","%51,7","%37,9","20","3","9","344","57","%74,1","%63,9","18","%33,3","427","43","%83,4","%68,1","29","%24,1","3","7","2","0","3","4","%28,6","2","12","3","2","4","8","%25,0","17","%70,6","24","18","%72,2","16","19","3","0","21","1","0","1"
"Beşiktaş","Eskişehirspor","3","1","%63,4","%51,2","%73,7","22","2","6","%36,6","%48,8","%26,3","14","1","2","609","47","%87,5","%79,4","23","%30,4","355","62","%73,8","%58,2","13","%15,4","3","17","9","2","5","12","%52,9","1","9","3","3","6","3","%33,3","15","%80,0","14","11","%100,0","23","16","0","0","11","3","0","1"
"Akhisarspor","Mersin İdmanyurdu","2","0","%40,4","%54,0","%57,1","20","1","1","%59,6","%46,0","%42,9","11","5","5","339","82","%71,1","%64,2","8","%12,5","484","68","%79,5","%67,0","26","%19,2","2","12","4","2","7","5","%33,3","0","10","3","3","4","6","%30,0","16","%87,5","32","10","%70,0","14","15","2","0","18","2","1","1"
"Konyaspor","Sivasspor","2","1","%42,0","%54,8","%55,2","21","2","4","%58,0","%45,2","%44,8","18","0","7","327","59","%68,5","%57,5","16","%18,8","449","100","%75,7","%63,4","21","%9,5","2","13","7","3","5","8","%53,8","1","14","4","3","8","6","%28,6","21","%76,2","17","16","%87,5","25","13","2","0","20","4","0","1"
"Kayserispor","Beşiktaş","1","2","%51,2","%47,0","%52,6","30","1","10","%48,8","%53,0","%47,4","32","2","3","426","41","%80,8","%72,9","38","%28,9","430","65","%76,7","%68,3","10","%10,0","1","21","7","4","12","9","%33,3","2","5","3","0","2","3","%60,0","21","%66,7","10","24","%70,8","24","15","0","0","14","2","0","2"
"Kayserispor","Eskişehirspor","0","0","%58,7","%48,1","%46,2","20","2","7","%41,3","%51,9","%53,8","16","1","5","396","69","%79,8","%67,7","22","%27,3","278","66","%64,0","%53,5","16","%25,0","0","15","2","4","8","7","%13,3","0","10","4","1","5","5","%40,0","18","%72,2","20","22","%81,8","21","19","3","0","15","0","0","0"
"Galatasaray","İstanbul Başakşehir","3","3","%64,9","%40,9","%13,0","20","0","5","%35,1","%59,1","%87,0","17","5","2","656","63","%88,9","%80,1","26","%15,4","360","59","%74,7","%62,7","9","%44,4","3","18","8","5","9","9","%44,4","3","10","5","0","2","8","%50,0","12","%83,3","7","17","%82,4","24","13","3","0","18","4","0","0"
"Gençlerbirliği","Kayserispor","2","0","%40,8","%39,1","%41,2","25","4","3","%59,2","%60,9","%58,8","13","1","5","278","69","%70,1","%62,5","7","%14,3","383","70","%73,4","%61,2","35","%25,7","2","10","4","1","2","8","%40,0","0","12","4","1","6","6","%33,3","6","%83,3","34","9","%77,8","14","23","1","0","18","5","0","1"
"Trabzonspor","Kasımpaşa","0","6","%43,5","%47,2","%46,2","13","1","1","%56,5","%52,8","%53,8","16","1","7","420","52","%84,0","%67,6","4","%0,0","537","47","%88,5","%72,7","19","%10,5","0","3","1","1","3","0","%33,3","6","14","9","2","3","11","%64,3","9","%88,9","15","23","%87,0","5","8","2","0","19","2","0","2"
"Akhisarspor","İstanbul Başakşehir","0","0","%47,0","%42,9","%37,2","25","0","2","%53,0","%57,1","%62,8","27","0","6","416","79","%68,0","%58,7","15","%13,3","460","66","%70,2","%61,6","25","%12,0","0","10","4","1","5","5","%40,0","0","14","4","5","7","7","%28,6","11","%72,7","34","15","%40,0","10","20","4","0","17","2","0","0"
"Gaziantepspor","Akhisarspor","0","1","%51,1","%51,5","%55,4","16","1","4","%48,9","%48,5","%44,6","27","2","3","388","96","%63,1","%52,3","18","%5,6","369","93","%66,1","%57,0","18","%33,3","0","11","2","3","5","6","%18,2","1","10","5","2","2","8","%50,0","11","%81,8","25","19","%73,7","31","20","3","0","21","2","0","2"
"Eskişehirspor","Sivasspor","4","2","%39,7","%44,9","%31,6","17","3","2","%60,3","%55,1","%68,4","16","0","8","331","62","%76,4","%62,4","7","%14,3","496","56","%81,5","%70,3","20","%20,0","4","11","6","1","3","8","%54,5","2","18","11","1","5","13","%61,1","23","%87,0","22","16","%56,3","8","20","2","0","12","3","0","1"
"Bursaspor","Galatasaray","1","1","%39,4","%51,5","%54,8","18","0","6","%60,6","%48,5","%45,2","16","1","7","371","57","%79,0","%70,6","29","%31,0","594","58","%84,8","%75,4","22","%18,2","1","21","6","6","11","10","%28,6","1","13","4","2","3","10","%30,8","20","%75,0","15","15","%80,0","16","15","0","0","11","2","0","0"
"Trabzonspor","Kayserispor","2","1","%44,6","%56,4","%54,8","23","4","6","%55,4","%43,6","%45,2","18","1","10","335","74","%71,0","%65,5","18","%33,3","406","52","%77,1","%67,5","35","%11,4","2","18","7","4","12","6","%38,9","1","21","7","7","12","9","%33,3","17","%76,5","21","15","%73,3","16","14","5","0","23","1","0","1"
"Kasımpaşa","Galatasaray","2","2","%54,5","%53,4","%66,7","23","1","7","%45,5","%46,6","%33,3","13","2","3","464","66","%82,3","%70,3","32","%25,0","394","76","%74,4","%67,1","12","%25,0","2","23","8","4","8","15","%34,8","2","12","6","3","5","7","%50,0","11","%81,8","11","18","%61,1","23","18","1","0","18","2","0","0"
"İstanbul Başakşehir","Mersin İdmanyurdu","3","0","%36,6","%47,7","%36,8","26","7","4","%63,4","%52,3","%63,2","14","1","2","329","64","%74,5","%63,1","16","%12,5","587","63","%83,6","%75,8","14","%28,6","3","8","4","2","2","6","%50,0","0","11","4","2","8","3","%36,4","19","%78,9","12","12","%66,7","10","19","1","0","11","2","0","1"
"Eskişehirspor","Mersin İdmanyurdu","3","2","%45,5","%54,3","%61,9","24","3","5","%54,5","%45,7","%38,1","18","4","5","369","70","%76,2","%63,2","25","%28,0","450","58","%76,9","%64,1","20","%20,0","3","13","6","1","5","8","%46,2","2","6","4","1","4","2","%66,7","11","%90,9","28","14","%92,9","13","15","3","0","13","1","0","1"
"Mersin İdmanyurdu","Bursaspor","2","5","%45,4","%52,8","%68,0","28","2","4","%54,6","%47,2","%32,0","16","1","9","433","83","%73,7","%58,8","7","%42,9","498","59","%82,5","%71,0","27","%33,3","2","5","3","0","2","3","%60,0","5","22","10","5","5","17","%45,5","11","%63,6","15","17","%82,4","6","15","2","0","18","2","0","2"
"Kasımpaşa","Eskişehirspor","2","1","%42,4","%46,2","%55,6","28","1","2","%57,6","%53,8","%44,4","14","3","4","299","80","%67,9","%60,2","11","%9,1","398","64","%73,6","%60,2","25","%20,0","2","15","5","1","4","11","%33,3","1","14","5","3","6","8","%35,7","19","%68,4","27","14","%92,9","18","32","4","0","15","2","0","1"
"Antalyaspor","İstanbul Başakşehir","1","2","%47,6","%46,4","%47,1","22","2","6","%52,4","%53,6","%52,9","17","1","10","405","59","%79,0","%67,1","19","%26,3","457","70","%84,2","%77,4","15","%20,0","1","8","4","1","1","7","%50,0","2","20","8","5","12","8","%40,0","17","%88,2","10","16","%81,3","18","19","5","0","10","0","0","2"
"İstanbul Başakşehir","Osmanlıspor FK","2","3","%55,5","%46,8","%45,5","32","1","4","%44,5","%53,2","%54,5","36","1","7","399","60","%75,7","%62,8","26","%26,9","327","66","%71,9","%63,7","16","%43,8","2","12","5","0","6","6","%41,7","3","14","6","5","1","13","%42,9","17","%82,4","12","19","%57,9","37","17","4","0","23","3","0","2"
"Galatasaray","Çaykur Rizespor","1","1","%62,3","%46,7","%59,3","12","0","11","%37,7","%53,3","%40,7","14","2","9","574","43","%90,1","%80,8","26","%30,8","339","49","%80,2","%68,2","23","%30,4","1","18","6","5","8","10","%33,3","1","10","2","2","3","7","%20,0","16","%75,0","21","24","%75,0","18","14","2","0","11","2","0","0"
"Konyaspor","Galatasaray","1","4","%44,4","%42,2","%47,6","26","0","5","%55,6","%57,8","%52,4","16","2","4","422","46","%81,0","%72,7","20","%15,0","532","72","%82,9","%69,5","18","%22,2","1","15","5","1","9","6","%33,3","4","13","7","4","5","8","%53,8","10","%70,0","15","12","%75,0","15","25","4","0","12","2","1","2"
"Antalyaspor","Fenerbahçe","4","2","%45,8","%55,3","%55,9","23","1","4","%54,2","%44,7","%44,1","20","2","5","359","66","%71,6","%62,8","11","%18,2","407","53","%80,6","%68,0","30","%10,0","4","15","9","3","6","9","%60,0","2","11","5","3","6","5","%45,5","20","%65,0","16","13","%92,3","12","20","2","0","22","4","0","1"
"Bursaspor","Trabzonspor","4","2","%38,6","%55,3","%52,4","17","2","10","%61,4","%44,7","%47,6","25","0","6","298","49","%77,2","%64,2","28","%25,0","504","52","%84,5","%73,4","25","%20,0","4","19","11","2","11","8","%57,9","2","13","7","1","5","8","%53,8","23","%73,9","15","17","%64,7","14","11","2","0","20","4","0","1"
"Trabzonspor","Beşiktaş","0","2","%38,9","%46,8","%38,6","22","3","6","%61,1","%53,2","%61,4","18","5","9","347","71","%68,6","%58,6","14","%21,4","534","58","%82,4","%70,5","29","%31,0","0","13","3","2","7","6","%23,1","2","13","7","4","6","7","%53,8","22","%72,7","26","12","%58,3","28","15","1","0","9","0","0","2"
"Sivasspor","İstanbul Başakşehir","2","2","%50,1","%47,1","%34,8","20","4","8","%49,9","%52,9","%65,2","31","2","6","398","89","%74,4","%63,9","14","%35,7","395","76","%74,4","%66,2","22","%27,3","2","14","6","2","3","11","%42,9","2","10","3","1","3","7","%30,0","14","%78,6","12","12","%100,0","20","15","0","0","16","2","0","0"
"Mersin İdmanyurdu","Trabzonspor","3","2","%38,5","%52,3","%64,3","22","1","2","%61,5","%47,7","%35,7","21","3","7","261","71","%64,8","%52,5","13","%23,1","392","51","%83,2","%69,4","50","%20,0","3","8","4","1","4","4","%50,0","2","21","7","3","9","12","%33,3","11","%90,9","34","12","%83,3","8","14","4","1","14","2","0","1"
"Fenerbahçe","Akhisarspor","2","2","%53,9","%57,8","%77,3","18","1","6","%46,1","%42,2","%22,7","17","3","0","493","49","%84,8","%75,1","24","%41,7","437","76","%80,1","%70,2","7","%0,0","2","22","7","0","11","11","%31,8","2","3","2","0","0","3","%66,7","18","%77,8","7","16","%68,8","21","16","4","0","18","2","0","0"
"Bursaspor","Konyaspor","1","1","%47,6","%45,9","%55,3","21","3","7","%52,4","%54,1","%44,7","25","1","3","422","66","%77,0","%69,1","18","%22,2","478","72","%77,4","%66,0","12","%16,7","1","16","6","4","7","9","%37,5","1","10","2","5","3","7","%20,0","8","%100,0","14","9","%88,9","15","19","5","0","12","2","0","0"
"Beşiktaş","Kayserispor","4","0","%64,5","%64,3","%70,4","18","2","9","%35,5","%35,7","%29,6","19","0","6","606","51","%87,0","%77,4","26","%38,5","330","51","%74,8","%60,4","14","%14,3","4","23","11","5","6","17","%47,8","0","5","0","0","2","3","%0,0","18","%72,2","13","11","%63,6","20","15","1","0","16","3","0","1"
"Gençlerbirliği","Kasımpaşa","1","0","%43,6","%40,4","%36,0","22","2","3","%56,4","%59,6","%64,0","12","3","9","284","74","%63,4","%49,2","14","%7,1","365","87","%72,3","%58,4","22","%27,3","1","7","1","2","5","2","%14,3","0","18","4","7","9","9","%22,2","20","%70,0","21","18","%77,8","18","26","3","0","17","3","0","1"
"Bursaspor","Çaykur Rizespor","1","0","%36,5","%42,6","%40,6","17","1","4","%63,5","%57,4","%59,4","21","3","9","318","51","%76,7","%68,8","9","%22,2","547","52","%82,8","%67,9","24","%25,0","1","14","3","7","9","5","%21,4","0","8","1","1","2","6","%12,5","12","%58,3","30","14","%71,4","6","25","2","0","12","1","0","1"
"Sivasspor","Çaykur Rizespor","2","1","%48,4","%51,0","%60,7","11","1","3","%51,6","%49,0","%39,3","18","0","2","346","52","%73,7","%65,9","22","%22,7","372","76","%75,8","%65,7","17","%29,4","2","16","6","6","9","7","%37,5","1","7","2","0","3","4","%28,6","14","%92,9","20","22","%72,7","22","20","2","1","16","3","0","1"
"Galatasaray","Akhisarspor","3","2","%51,9","%50,0","%50,0","21","1","3","%48,1","%50,0","%50,0","24","1","5","509","47","%82,5","%73,3","15","%13,3","465","43","%79,6","%69,5","19","%26,3","3","13","6","3","7","6","%46,2","2","11","6","0","5","6","%54,5","17","%82,4","18","24","%83,3","14","11","0","0","16","1","0","1"
"Gaziantepspor","Çaykur Rizespor","2","0","%45,1","%50,4","%54,5","17","4","7","%54,9","%49,6","%45,5","23","3","5","319","74","%63,3","%54,0","21","%14,3","394","85","%70,3","%59,3","22","%13,6","2","11","3","3","7","4","%27,3","0","6","4","2","1","5","%66,7","19","%78,9","21","31","%80,6","19","8","2","0","14","4","0","1"
"Bursaspor","Kayserispor","1","2","%57,8","%54,8","%45,2","25","1","6","%42,2","%45,2","%54,8","20","2","5","413","78","%77,7","%70,2","21","%28,6","298","70","%68,1","%54,4","21","%14,3","1","12","5","0","5","7","%41,7","2","12","4","2","9","3","%33,3","23","%82,6","16","15","%93,3","10","18","3","0","25","3","0","2"
"Kasımpaşa","Konyaspor","2","1","%44,8","%54,0","%52,2","30","3","2","%55,2","%46,0","%47,8","16","0","5","323","61","%71,2","%61,0","15","%33,3","401","83","%72,3","%60,5","18","%11,1","2","14","3","4","6","8","%21,4","1","13","3","4","7","6","%23,1","21","%100,0","17","18","%72,2","19","17","0","0","19","2","0","1"
"Gençlerbirliği","Gaziantepspor","2","2","%48,1","%46,8","%45,7","28","3","5","%51,9","%53,2","%54,3","17","0","1","355","62","%70,7","%59,5","15","%33,3","395","58","%75,4","%68,0","11","%9,1","2","19","7","4","8","11","%36,8","2","19","5","6","13","6","%26,3","18","%83,3","10","17","%70,6","17","20","2","0","18","2","2","0"
"Antalyaspor","Galatasaray","4","2","%42,0","%51,7","%61,5","25","7","6","%58,0","%48,3","%38,5","26","1","7","368","41","%82,3","%70,5","15","%33,3","502","55","%85,5","%78,4","26","%15,4","4","22","6","5","11","11","%27,3","2","8","2","2","4","4","%25,0","10","%80,0","24","9","%77,8","13","15","2","0","13","4","1","1"
"Sivasspor","Kasımpaşa","1","0","%45,8","%51,9","%62,9","8","5","8","%54,2","%48,1","%37,1","14","0","5","291","63","%64,9","%59,4","19","%21,1","350","76","%71,4","%62,3","15","%13,3","1","10","1","1","4","6","%10,0","0","4","1","1","2","2","%25,0","20","%60,0","28","17","%88,2","25","20","2","0","13","1","0","1"
"Akhisarspor","Beşiktaş","3","3","%37,9","%43,4","%54,2","32","4","1","%62,1","%56,6","%45,8","12","2","2","353","57","%70,8","%58,8","9","%33,3","573","62","%81,0","%69,9","14","%28,6","3","11","6","3","4","7","%54,5","3","13","6","1","7","6","%46,2","18","%72,2","22","22","%68,2","15","24","1","1","18","0","0","0"
"Kayserispor","Antalyaspor","0","0","%50,0","%48,2","%52,9","23","3","8","%50,0","%51,8","%47,1","14","6","2","404","53","%81,4","%67,4","33","%6,1","425","75","%78,1","%65,3","11","%9,1","0","12","2","1","8","4","%16,7","0","2","1","1","1","1","%50,0","10","%70,0","2","17","%70,6","26","13","2","0","17","2","0","0"
"Sivasspor","Mersin İdmanyurdu","2","2","%36,4","%47,7","%29,4","23","0","3","%63,6","%52,3","%70,6","18","5","4","259","72","%59,8","%47,4","17","%23,5","455","64","%78,9","%74,5","20","%40,0","2","11","7","0","5","6","%63,6","2","21","4","6","9","12","%19,0","22","%77,3","23","13","%76,9","16","20","1","1","14","2","0","0"
"Beşiktaş","Çaykur Rizespor","1","0","%65,8","%54,3","%62,5","20","3","11","%34,2","%45,7","%37,5","25","3","3","609","28","%86,5","%80,1","20","%25,0","318","64","%74,5","%58,6","10","%50,0","1","17","5","7","7","10","%29,4","0","7","4","1","3","4","%57,1","16","%81,3","8","20","%80,0","15","10","0","0","20","2","0","1"
"Kayserispor","Sivasspor","1","1","%34,4","%45,4","%41,4","24","0","3","%65,6","%54,6","%58,6","10","3","4","252","65","%61,5","%55,4","14","%21,4","471","81","%74,5","%61,0","34","%20,6","1","14","5","5","4","10","%35,7","1","10","2","4","6","4","%20,0","13","%76,9","43","13","%69,2","11","20","2","0","12","2","0","0"
"Trabzonspor","Galatasaray","0","1","%49,1","%45,3","%52,6","25","3","5","%50,9","%54,7","%47,4","19","4","3","406","56","%77,8","%65,9","20","%25,0","426","44","%81,7","%73,1","14","%0,0","0","12","3","3","4","8","%25,0","1","14","4","4","7","7","%28,6","12","%83,3","14","17","%94,1","13","17","2","0","12","1","0","2"
"İstanbul Başakşehir","Fenerbahçe","2","1","%47,1","%51,3","%57,1","23","6","1","%52,9","%48,7","%42,9","13","1","4","369","87","%67,5","%59,2","4","%0,0","404","85","%70,5","%63,9","18","%33,3","2","7","5","0","5","2","%71,4","1","17","10","3","7","10","%58,8","20","%80,0","24","17","%70,6","4","16","2","0","17","3","0","1"
"Kasımpaşa","Beşiktaş","2","1","%31,8","%43,5","%38,2","20","3","3","%68,2","%56,5","%61,8","22","1","10","252","68","%66,7","%56,1","15","%13,3","540","38","%82,0","%69,5","28","%32,1","2","12","4","1","7","5","%33,3","1","10","4","3","3","7","%40,0","17","%70,6","24","15","%86,7","21","23","2","0","16","3","0","1"
"Eskişehirspor","Osmanlıspor FK","0","2","%60,5","%47,2","%52,9","20","2","3","%39,5","%52,8","%47,1","17","3","3","503","75","%78,7","%67,0","24","%16,7","334","61","%67,4","%55,7","9","%44,4","0","12","1","5","7","5","%8,3","2","11","4","0","2","9","%36,4","13","%84,6","14","23","%87,0","35","21","2","0","23","3","0","2"
"Eskişehirspor","Çaykur Rizespor","1","1","%59,0","%51,5","%52,4","14","4","5","%41,0","%48,5","%47,6","12","1","3","447","55","%81,2","%73,7","22","%22,7","303","70","%70,3","%53,0","19","%21,1","1","23","6","9","16","7","%26,1","1","13","5","1","7","6","%38,5","15","%73,3","17","23","%69,6","14","10","3","0","15","3","0","0"
"Galatasaray","Kayserispor","6","0","%54,1","%52,7","%47,1","13","0","2","%45,9","%47,3","%52,9","21","5","6","554","52","%86,8","%78,2","9","%33,3","461","29","%87,2","%77,9","19","%15,8","6","9","7","0","1","8","%77,8","0","20","7","6","12","8","%35,0","18","%77,8","16","9","%77,8","5","11","0","0","9","1","0","1"
"Bursaspor","Akhisarspor","0","2","%54,4","%47,5","%40,5","21","0","7","%45,6","%52,5","%59,5","27","4","0","394","69","%71,8","%60,6","16","%25,0","329","58","%72,6","%59,7","14","%50,0","0","8","1","1","1","7","%12,5","2","5","3","1","3","2","%60,0","20","%75,0","12","15","%60,0","29","22","2","0","22","1","0","2"
"Kayserispor","Akhisarspor","3","2","%47,0","%54,9","%45,5","30","0","5","%53,0","%45,1","%54,5","24","1","4","394","55","%78,4","%66,1","14","%21,4","437","58","%79,9","%68,5","26","%15,4","3","16","7","2","8","8","%43,8","2","11","4","2","6","5","%36,4","15","%73,3","12","10","%70,0","14","13","5","1","24","4","0","1"
"Trabzonspor","Akhisarspor","2","2","%62,3","%52,3","%50,0","10","0","11","%37,7","%47,7","%50,0","19","2","4","501","46","%82,8","%73,1","32","%25,0","311","64","%74,0","%60,9","12","%25,0","2","20","8","1","10","10","%40,0","2","10","5","1","4","6","%50,0","11","%72,7","12","21","%61,9","28","13","2","0","17","3","0","0"
"Konyaspor","Trabzonspor","2","0","%59,0","%52,9","%53,6","24","3","3","%41,0","%47,1","%46,4","20","0","2","457","67","%82,5","%73,9","12","%25,0","307","65","%74,3","%63,0","17","%17,6","2","11","3","3","8","3","%27,3","0","9","3","2","4","5","%33,3","20","%80,0","11","16","%93,8","8","12","1","0","16","2","1","1"
"Trabzonspor","Çaykur Rizespor","6","0","%47,1","%46,9","%50,0","17","1","4","%52,9","%53,1","%50,0","17","1","5","409","43","%83,1","%72,8","17","%17,6","457","43","%82,5","%74,7","18","%5,6","6","20","10","4","8","12","%50,0","0","17","6","5","11","6","%35,3","13","%92,3","18","18","%72,2","7","9","1","0","8","1","0","1"
"Konyaspor","Beşiktaş","2","1","%44,4","%46,7","%68,2","23","3","5","%55,6","%53,3","%31,8","13","0","7","421","53","%80,3","%70,0","12","%8,3","519","59","%83,0","%72,5","24","%16,7","2","13","5","2","8","5","%38,5","1","14","5","3","8","6","%35,7","15","%80,0","31","12","%91,7","11","16","1","0","9","2","0","1"
"Konyaspor","Kayserispor","1","0","%47,1","%51,9","%46,7","21","2","3","%52,9","%48,1","%53,3","28","2","5","327","73","%63,9","%52,8","18","%27,8","361","69","%72,9","%60,5","26","%15,4","1","6","3","3","1","5","%50,0","0","9","2","0","4","5","%22,2","23","%78,3","17","14","%92,9","19","15","4","0","19","4","1","1"
"Eskişehirspor","Fenerbahçe","0","3","%41,6","%45,3","%31,8","16","1","3","%58,4","%54,7","%68,2","19","0","6","336","52","%74,4","%62,4","21","%9,5","473","52","%82,7","%67,7","28","%14,3","0","6","2","1","4","2","%33,3","3","14","3","1","8","6","%21,4","19","%78,9","29","21","%76,2","18","14","3","1","17","1","0","2"
"Trabzonspor","Gençlerbirliği","1","0","%56,5","%49,1","%64,5","15","5","3","%43,5","%50,9","%35,5","23","1","2","525","58","%80,8","%71,6","22","%27,3","408","61","%79,4","%69,9","12","%33,3","1","10","3","3","7","3","%30,0","0","11","0","1","6","5","%0,0","24","%79,2","10","15","%73,3","21","19","1","0","6","0","0","1"
"Akhisarspor","Sivasspor","1","0","%51,3","%46,4","%45,8","30","0","6","%48,7","%53,6","%54,2","24","2","6","462","62","%73,8","%59,2","25","%24,0","440","63","%72,5","%63,0","20","%25,0","1","12","2","3","3","9","%16,7","0","12","2","3","8","4","%16,7","12","%58,3","21","15","%60,0","34","19","4","0","18","3","0","1"
"Osmanlıspor FK","Çaykur Rizespor","0","1","%57,8","%51,7","%38,2","17","2","8","%42,2","%48,3","%61,8","27","2","2","384","55","%73,7","%60,2","22","%22,7","280","79","%68,2","%50,0","9","%22,2","0","15","2","3","5","10","%13,3","1","7","4","3","0","7","%57,1","19","%78,9","13","20","%80,0","30","18","2","0","21","5","0","2"
"Sivasspor","Trabzonspor","0","2","%61,5","%48,0","%42,9","12","2","15","%38,5","%52,0","%57,1","16","1","3","476","73","%84,9","%73,9","50","%26,0","317","75","%71,0","%57,1","10","%30,0","0","30","10","6","14","16","%33,3","2","10","6","0","4","6","%60,0","8","%75,0","12","20","%90,0","35","17","2","1","22","4","1","2"
"Gençlerbirliği","Fenerbahçe","0","1","%41,7","%43,5","%38,1","20","5","3","%58,3","%56,5","%61,9","15","0","4","335","70","%67,5","%54,3","11","%9,1","466","80","%79,0","%70,1","20","%40,0","0","7","1","1","6","1","%14,3","1","20","5","4","6","14","%25,0","12","%75,0","18","18","%72,2","16","16","1","0","24","3","0","2"
"Konyaspor","Antalyaspor","3","2","%51,6","%43,8","%57,6","15","2","5","%48,4","%56,2","%42,4","29","1","4","395","54","%74,7","%65,1","17","%35,3","367","76","%69,2","%54,2","20","%15,0","3","19","10","2","3","16","%52,6","2","8","2","3","2","6","%25,0","17","%94,1","15","23","%82,6","18","22","4","0","10","1","0","1"
"Fenerbahçe","Beşiktaş","2","0","%43,3","%55,7","%46,2","16","4","7","%56,7","%44,3","%53,8","15","2","7","336","68","%70,5","%63,2","18","%33,3","437","59","%74,6","%62,9","23","%30,4","2","13","7","4","4","9","%53,8","0","11","4","0","2","9","%36,4","23","%73,9","17","12","%83,3","15","17","4","0","19","2","0","1"
"Akhisarspor","Gaziantepspor","0","0","%44,0","%45,1","%46,9","23","4","4","%56,0","%54,9","%53,1","28","1","2","363","66","%69,1","%56,7","16","%12,5","453","62","%79,2","%68,7","21","%14,3","0","6","2","1","4","2","%33,3","0","11","4","1","6","5","%36,4","19","%94,7","23","17","%76,5","20","21","1","1","15","1","0","0"
"Antalyaspor","Mersin İdmanyurdu","3","2","%52,6","%49,1","%50,0","24","1","4","%47,4","%50,9","%50,0","18","4","6","421","54","%83,1","%72,7","16","%31,3","375","48","%79,2","%71,6","18","%27,8","3","15","8","2","8","7","%53,3","2","20","10","3","8","12","%50,0","16","%100,0","17","21","%85,7","14","12","1","1","24","6","0","1"
"Gaziantepspor","Trabzonspor","0","1","%61,6","%45,8","%36,0","8","1","6","%38,4","%54,2","%64,0","28","4","2","481","59","%79,0","%67,7","20","%20,0","295","70","%69,8","%59,2","14","%21,4","0","18","8","4","10","8","%44,4","1","6","3","1","3","3","%50,0","17","%82,4","24","23","%60,9","26","18","1","0","15","3","0","2"
"Eskişehirspor","Akhisarspor","3","3","%45,8","%44,7","%50,0","8","0","9","%54,2","%55,3","%50,0","12","1","6","337","86","%68,0","%55,6","17","%17,6","410","81","%69,0","%55,9","12","%25,0","3","20","9","6","10","10","%45,0","3","16","6","7","7","9","%37,5","8","%62,5","29","15","%86,7","21","22","8","0","18","4","0","0"
"Trabzonspor","Konyaspor","1","2","%60,6","%55,3","%55,4","16","6","9","%39,4","%44,7","%44,6","11","5","4","437","67","%80,1","%65,9","41","%14,6","300","70","%65,0","%54,5","8","%12,5","1","15","5","6","5","10","%33,3","2","7","2","0","4","3","%28,6","15","%86,7","9","16","%87,5","37","15","4","1","18","3","0","2"
"Gaziantepspor","Fenerbahçe","2","2","%43,1","%49,6","%36,1","24","1","6","%56,9","%50,4","%63,9","12","1","7","276","75","%65,9","%59,0","17","%29,4","355","65","%73,2","%60,8","25","%12,0","2","11","7","2","3","8","%63,6","2","12","5","2","8","4","%41,7","21","%61,9","27","16","%81,3","11","21","2","0","17","3","1","0"
"Antalyaspor","Gençlerbirliği","3","1","%61,8","%51,5","%47,1","19","1","6","%38,2","%48,5","%52,9","9","2","2","444","59","%80,2","%68,2","25","%28,0","278","62","%65,1","%54,5","14","%28,6","3","16","9","3","4","12","%56,3","1","10","3","0","2","8","%30,0","12","%91,7","14","19","%78,9","19","14","3","0","22","7","0","1"
"Kasımpaşa","Gaziantepspor","1","2","%53,0","%46,9","%57,1","16","1","8","%47,0","%53,1","%42,9","19","2","2","366","53","%76,8","%68,6","29","%41,4","341","72","%64,5","%55,1","9","%22,2","1","20","8","4","6","14","%40,0","2","4","2","0","1","3","%50,0","16","%81,3","25","29","%75,9","21","25","6","0","19","1","0","2"
"Kayserispor","Konyaspor","1","1","%46,2","%46,7","%54,2","20","0","3","%53,8","%53,3","%45,8","10","1","7","421","68","%81,0","%66,1","18","%22,2","501","68","%80,6","%71,7","15","%13,3","1","8","2","2","5","3","%25,0","1","6","2","1","5","1","%33,3","16","%75,0","16","14","%85,7","20","18","3","0","10","1","0","0"
"Beşiktaş","Akhisarspor","0","2","%67,1","%54,9","%54,8","20","1","14","%32,9","%45,1","%45,2","30","2","1","605","49","%83,5","%72,1","61","%26,2","328","74","%66,8","%63,0","2","%50,0","0","27","5","8","13","14","%18,5","2","8","5","1","4","4","%62,5","10","%80,0","3","21","%76,2","58","10","4","0","21","3","0","2"
"Kayserispor","Bursaspor","2","1","%35,8","%45,2","%38,6","20","5","5","%64,2","%54,8","%61,4","20","0","4","267","63","%68,9","%57,2","19","%21,1","495","80","%80,0","%65,8","13","%23,1","2","10","3","4","3","7","%30,0","1","10","5","1","6","4","%50,0","10","%50,0","10","15","%66,7","9","15","2","0","17","5","0","1"
"Antalyaspor","Bursaspor","3","0","%52,9","%53,8","%41,4","23","0","13","%47,1","%46,2","%58,6","18","1","4","434","64","%82,3","%65,8","26","%19,2","396","53","%80,1","%71,5","11","%36,4","3","11","5","3","3","8","%45,5","0","7","1","1","3","4","%14,3","15","%73,3","7","11","%81,8","13","12","2","0","22","6","1","1"
"Fenerbahçe","Osmanlıspor FK","0","0","%62,8","%56,2","%60,5","22","1","6","%37,2","%43,8","%39,5","24","2","0","471","62","%79,0","%67,5","28","%28,6","289","70","%62,3","%55,6","7","%42,9","0","19","2","5","11","8","%10,5","0","8","0","1","6","2","%0,0","21","%66,7","6","18","%83,3","32","20","3","0","24","3","0","0"
"Mersin İdmanyurdu","Çaykur Rizespor","3","0","%44,5","%51,4","%56,7","17","3","6","%55,5","%48,6","%43,3","18","0","5","312","69","%68,6","%55,5","16","%0,0","390","70","%77,2","%65,7","19","%36,8","3","6","5","0","2","4","%83,3","0","13","4","2","9","4","%30,8","22","%77,3","19","20","%80,0","14","19","2","0","17","3","0","1"
"Beşiktaş","Sivasspor","2","0","%53,3","%59,4","%64,3","22","1","5","%46,7","%40,6","%35,7","17","2","1","427","69","%74,0","%66,9","21","%38,1","371","66","%75,2","%66,1","14","%28,6","2","19","7","2","7","12","%36,8","0","14","4","3","6","8","%28,6","27","%77,8","13","14","%78,6","17","15","3","0","22","3","0","1"
"Mersin İdmanyurdu","Fenerbahçe","1","3","%42,8","%38,8","%37,5","15","3","1","%57,2","%61,2","%62,5","16","1","5","339","55","%74,3","%67,9","10","%20,0","449","51","%80,0","%72,5","26","%38,5","1","8","2","2","4","4","%25,0","3","21","10","1","7","14","%47,6","11","%100,0","18","19","%63,2","16","16","2","1","21","0","0","2"
"Çaykur Rizespor","Galatasaray","4","3","%31,0","%62,5","%57,1","9","3","2","%69,0","%37,5","%42,9","14","0","6","280","71","%76,1","%61,6","20","%20,0","644","53","%88,7","%80,2","22","%13,6","4","12","7","2","4","8","%58,3","3","14","6","2","11","3","%42,9","16","%81,3","25","6","%83,3","8","9","2","0","13","3","1","1"
"Fenerbahçe","Kasımpaşa","3","1","%63,5","%60,0","%66,7","23","1","6","%36,5","%40,0","%33,3","30","3","3","479","61","%80,8","%69,9","22","%22,7","281","63","%64,1","%49,3","6","%33,3","3","17","7","3","5","12","%41,2","1","7","5","0","3","4","%71,4","30","%70,0","11","19","%78,9","22","16","3","0","18","2","1","1"
"Kasımpaşa","İstanbul Başakşehir","1","0","%45,6","%43,3","%47,4","16","0","2","%54,4","%56,7","%52,6","20","1","8","321","77","%65,7","%57,9","8","%25,0","364","79","%70,6","%50,5","27","%18,5","1","7","2","0","3","4","%28,6","0","8","1","4","4","4","%12,5","25","%92,0","30","25","%84,0","14","26","3","0","20","2","0","1"
"Kasımpaşa","Çaykur Rizespor","1","1","%59,6","%44,9","%46,7","17","2","12","%40,4","%55,1","%53,3","13","2","5","444","55","%88,1","%77,2","38","%15,8","309","69","%74,8","%59,7","14","%28,6","1","23","6","10","11","12","%26,1","1","7","3","1","1","6","%42,9","17","%82,4","8","21","%95,2","25","18","3","0","10","0","2","0"
"Eskişehirspor","Gaziantepspor","1","2","%57,1","%55,3","%69,4","7","4","8","%42,9","%44,7","%30,6","22","0","4","429","63","%76,5","%64,4","28","%17,9","329","77","%66,9","%54,9","16","%25,0","1","16","5","4","8","8","%31,3","2","11","6","0","7","4","%54,5","19","%57,9","11","18","%88,9","18","15","1","0","17","2","1","2"
"Konyaspor","Gaziantepspor","2","1","%53,8","%52,0","%68,8","20","1","2","%46,2","%48,0","%31,3","24","1","1","433","61","%79,7","%70,3","13","%15,4","370","57","%75,4","%61,2","8","%25,0","2","14","7","4","6","8","%50,0","1","4","2","2","2","2","%50,0","26","%76,9","6","16","%75,0","13","29","1","0","18","4","0","1"
"Antalyaspor","Kasımpaşa","0","0","%51,4","%52,8","%73,3","25","0","8","%48,6","%47,2","%26,7","13","0","4","380","63","%76,8","%68,5","25","%20,0","363","62","%75,2","%59,2","20","%10,0","0","15","4","4","6","9","%26,7","0","10","2","1","7","3","%20,0","18","%88,9","15","16","%81,3","25","14","4","0","16","1","0","0"
"Akhisarspor","Osmanlıspor FK","0","0","%57,0","%54,0","%43,8","30","1","1","%43,0","%46,0","%56,3","29","2","4","497","80","%72,4","%62,2","17","%23,5","379","72","%64,1","%55,6","10","%20,0","0","6","1","1","3","3","%16,7","0","9","3","3","8","1","%33,3","21","%81,0","34","10","%70,0","28","19","2","0","25","5","0","0"
"Beşiktaş","Antalyaspor","1","0","%52,8","%46,3","%40,0","20","3","12","%47,2","%53,7","%60,0","23","3","0","486","56","%83,5","%70,2","28","%10,7","444","66","%81,1","%68,5","15","%20,0","1","5","2","1","2","3","%40,0","0","7","0","1","3","4","%0,0","17","%76,5","13","23","%69,6","27","13","2","0","17","1","0","1"
"Bursaspor","İstanbul Başakşehir","3","3","%31,4","%41,2","%34,8","19","1","4","%68,6","%58,8","%65,2","14","2","7","269","61","%66,5","%56,2","11","%18,2","581","54","%84,9","%76,5","31","%29,0","3","10","5","3","4","6","%50,0","3","16","6","4","8","8","%37,5","16","%68,8","16","17","%82,4","11","18","3","2","14","3","0","0"
"Beşiktaş","Mersin İdmanyurdu","1","0","%63,8","%53,1","%33,3","24","3","10","%36,2","%46,9","%66,7","22","3","4","519","76","%80,2","%69,4","34","%17,6","300","78","%57,7","%50,3","12","%25,0","1","17","4","6","10","7","%23,5","0","7","1","0","4","3","%14,3","10","%100,0","17","18","%83,3","29","8","2","0","28","2","0","1"
"Kayserispor","Çaykur Rizespor","0","0","%53,3","%48,6","%44,0","7","0","7","%46,7","%51,4","%56,0","14","3","5","296","43","%77,0","%67,3","17","%11,8","249","64","%67,9","%54,4","27","%25,9","0","16","5","3","13","3","%31,3","0","7","3","1","0","7","%42,9","14","%78,6","22","23","%78,3","23","21","3","0","23","2","0","0"
"Kayserispor","Mersin İdmanyurdu","0","1","%52,5","%53,5","%56,3","16","1","7","%47,5","%46,5","%43,8","22","3","5","395","72","%70,1","%61,0","24","%16,7","374","71","%69,3","%64,1","8","%25,0","0","13","3","2","5","8","%23,1","1","9","3","3","5","4","%33,3","20","%80,0","14","26","%80,8","19","18","2","1","26","4","0","2"
"Gaziantepspor","Mersin İdmanyurdu","1","0","%57,5","%50,5","%40,0","24","2","4","%42,5","%49,5","%60,0","14","2","10","483","75","%81,0","%72,3","13","%30,8","337","72","%71,5","%60,0","29","%17,2","1","10","4","1","5","5","%40,0","0","14","6","2","5","9","%42,9","17","%88,2","25","19","%89,5","7","11","0","0","13","2","0","1"
"Galatasaray","Eskişehirspor","4","0","%54,0","%62,5","%57,9","20","3","3","%46,0","%37,5","%42,1","20","4","5","496","47","%84,3","%75,5","16","%31,3","418","50","%84,4","%74,8","18","%16,7","4","16","6","4","8","8","%37,5","0","10","0","2","6","4","%0,0","16","%87,5","9","10","%90,0","11","12","2","0","19","4","0","1"
"Galatasaray","Gençlerbirliği","4","1","%66,7","%58,7","%60,0","10","1","16","%33,3","%41,3","%40,0","19","0","3","564","47","%88,1","%77,6","38","%10,5","292","53","%71,6","%58,6","9","%11,1","4","23","14","2","13","10","%60,9","1","12","3","1","4","8","%25,0","14","%64,3","13","16","%81,3","32","11","2","0","21","2","0","1"
"İstanbul Başakşehir","Gençlerbirliği","2","0","%57,7","%48,5","%53,1","25","1","2","%42,3","%51,5","%46,9","22","0","5","441","68","%73,2","%63,6","15","%20,0","317","63","%63,1","%52,7","18","%11,1","2","17","5","4","8","9","%29,4","0","7","2","2","3","4","%28,6","17","%94,1","20","29","%72,4","19","20","3","0","24","2","0","1"
"Mersin İdmanyurdu","Gençlerbirliği","1","3","%59,0","%47,8","%25,0","26","1","4","%41,0","%52,2","%75,0","21","1","2","494","46","%82,8","%75,7","20","%35,0","355","78","%76,1","%69,2","6","%0,0","1","11","2","3","5","6","%18,2","3","7","3","1","3","4","%42,9","22","%63,6","3","17","%94,1","21","17","2","0","20","2","0","2"
"Gaziantepspor","Kayserispor","1","0","%50,7","%55,8","%63,3","18","0","6","%49,3","%44,2","%36,7","21","3","3","290","69","%60,7","%52,7","15","%33,3","285","65","%64,2","%53,6","12","%41,7","1","9","2","3","3","6","%22,2","0","13","4","4","5","8","%30,8","15","%73,3","17","11","%63,6","10","22","1","1","21","2","0","1"
"Çaykur Rizespor","Sivasspor","1","1","%54,8","%52,6","%61,5","14","1","4","%45,2","%47,4","%38,5","19","1","3","464","50","%83,4","%68,2","23","%17,4","392","53","%80,1","%73,7","14","%0,0","1","11","4","2","6","5","%36,4","1","13","5","2","11","2","%38,5","18","%77,8","19","16","%87,5","30","12","4","1","13","4","0","0"
"Çaykur Rizespor","Fenerbahçe","1","1","%45,7","%44,9","%36,4","11","1","5","%54,3","%55,1","%63,6","20","0","6","294","78","%68,4","%50,0","22","%9,1","354","57","%78,5","%69,9","21","%38,1","1","12","5","5","7","5","%41,7","1","13","4","2","6","7","%30,8","18","%66,7","14","21","%61,9","30","14","4","0","22","2","0","0"
"Çaykur Rizespor","Gaziantepspor","1","0","%31,9","%54,1","%46,2","18","2","1","%68,1","%45,9","%53,8","15","2","7","265","109","%47,9","%39,7","9","%22,2","547","63","%80,3","%71,4","35","%22,9","1","1","1","0","0","1","%100,0","0","22","4","8","11","11","%18,2","17","%70,6","34","4","%100,0","24","12","2","0","15","0","0","1"
"Bursaspor","Kasımpaşa","4","1","%50,4","%52,0","%62,2","18","0","3","%49,6","%48,0","%37,8","27","2","2","373","64","%72,1","%65,8","12","%50,0","360","72","%70,3","%60,4","14","%35,7","4","23","6","2","8","15","%26,1","1","15","4","3","6","9","%26,7","21","%71,4","11","23","%69,6","12","17","2","0","20","3","0","1"
"Kasımpaşa","Akhisarspor","2","1","%50,4","%49,1","%46,3","15","2","7","%49,6","%50,9","%53,7","20","1","5","392","51","%76,3","%60,4","31","%12,9","407","67","%74,4","%62,0","15","%6,7","2","14","5","2","10","4","%35,7","1","6","3","2","5","1","%50,0","12","%91,7","17","16","%75,0","30","21","0","0","23","2","0","1"
"Fenerbahçe","Antalyaspor","2","1","%61,5","%50,9","%63,6","17","2","6","%38,5","%49,1","%36,4","19","2","2","482","40","%84,6","%76,2","28","%28,6","303","54","%71,6","%54,5","11","%0,0","2","21","7","6","11","10","%33,3","1","10","3","2","8","2","%30,0","21","%71,4","19","24","%91,7","24","16","2","0","14","0","0","1"
"Sivasspor","Antalyaspor","0","0","%56,9","%48,5","%50,0","11","2","4","%43,1","%51,5","%50,0","21","2","3","502","75","%74,1","%63,1","36","%19,4","401","89","%72,1","%62,7","6","%33,3","0","16","5","4","4","12","%31,3","0","6","0","2","5","1","%0,0","19","%73,7","15","15","%66,7","34","21","1","1","17","4","0","0"
"Antalyaspor","Eskişehirspor","2","0","%48,3","%48,4","%47,6","22","4","7","%51,7","%51,6","%52,4","13","0","4","308","62","%66,6","%57,6","14","%21,4","317","59","%72,6","%67,1","25","%16,0","2","11","7","3","4","7","%63,6","0","10","4","2","7","3","%40,0","12","%91,7","20","20","%80,0","28","17","2","0","21","2","0","1"
"İstanbul Başakşehir","Galatasaray","0","2","%45,3","%47,1","%42,9","16","4","4","%54,7","%52,9","%57,1","19","6","4","360","68","%75,8","%62,3","23","%8,7","442","75","%77,8","%68,3","18","%16,7","0","11","6","2","7","4","%54,5","2","12","3","1","4","8","%25,0","12","%75,0","21","19","%63,2","20","17","2","0","16","2","0","2"
"Sivasspor","Beşiktaş","1","2","%38,7","%46,5","%58,6","16","4","4","%61,3","%53,5","%41,4","14","5","3","325","77","%72,3","%66,7","12","%50,0","525","73","%80,8","%71,6","11","%9,1","1","9","2","2","3","6","%22,2","2","4","2","0","0","4","%50,0","11","%72,7","14","16","%75,0","23","19","1","0","8","2","0","2"
"İstanbul Başakşehir","Gaziantepspor","4","1","%66,2","%57,3","%50,0","15","5","6","%33,8","%42,7","%50,0","19","0","2","532","53","%84,8","%76,7","20","%60,0","278","54","%71,9","%57,4","4","%25,0","4","26","9","8","10","16","%34,6","1","6","3","1","3","3","%50,0","17","%88,2","4","11","%54,5","18","13","0","0","18","2","1","1"
"Eskişehirspor","Kayserispor","1","3","%62,2","%56,6","%56,5","10","4","8","%37,8","%43,4","%43,5","15","1","1","468","56","%82,7","%69,1","43","%27,9","303","61","%72,6","%67,0","8","%37,5","1","14","4","2","4","10","%28,6","3","15","10","0","7","8","%66,7","24","%79,2","4","13","%76,9","34","18","3","0","18","2","1","2"
"Beşiktaş","Bursaspor","3","2","%63,2","%60,5","%60,0","18","5","10","%36,8","%39,5","%40,0","21","3","3","485","48","%84,3","%73,9","27","%25,9","285","64","%69,8","%59,7","13","%30,8","3","26","9","8","13","13","%34,6","2","7","3","0","3","4","%42,9","22","%72,7","20","21","%81,0","22","12","0","1","25","5","1","1"
"Trabzonspor","Antalyaspor","3","0","%50,1","%48,2","%46,7","20","3","6","%49,9","%51,8","%53,3","23","5","8","407","58","%83,8","%79,3","14","%50,0","392","50","%82,1","%72,5","21","%4,8","3","25","10","8","10","15","%40,0","0","11","3","1","7","4","%27,3","10","%90,0","25","15","%93,3","9","14","2","0","17","4","1","1"
"Eskişehirspor","Galatasaray","4","3","%43,5","%46,4","%46,7","15","4","2","%56,5","%53,6","%53,3","23","0","2","353","66","%80,7","%69,3","18","%33,3","472","54","%83,1","%75,5","9","%44,4","4","13","7","1","4","9","%53,8","3","6","3","0","2","4","%50,0","10","%100,0","7","21","%81,0","10","16","2","0","14","4","0","1"
"Gaziantepspor","Beşiktaş","0","4","%37,6","%45,7","%33,3","22","1","2","%62,4","%54,3","%66,7","15","2","2","288","50","%68,8","%59,9","9","%33,3","473","63","%81,4","%70,3","21","%19,0","0","12","3","4","8","4","%25,0","4","10","5","4","5","5","%50,0","19","%68,4","24","20","%75,0","9","22","3","0","16","1","0","2"
"Çaykur Rizespor","Beşiktaş","1","2","%43,9","%45,1","%31,6","16","3","2","%56,1","%54,9","%68,4","16","1","6","391","65","%77,7","%65,6","14","%42,9","505","47","%85,0","%79,2","18","%55,6","1","8","4","1","3","5","%50,0","2","16","10","2","7","9","%62,5","22","%81,8","10","11","%100,0","17","16","5","0","7","1","0","2"
"Antalyaspor","Kayserispor","1","1","%53,7","%47,7","%39,3","22","3","2","%46,3","%52,3","%60,7","18","3","9","370","67","%74,3","%64,3","17","%41,2","313","54","%70,3","%64,1","17","%41,2","1","10","4","0","2","8","%40,0","1","15","4","4","7","8","%26,7","17","%82,4","19","11","%81,8","18","23","4","0","17","3","0","0"
"Trabzonspor","Mersin İdmanyurdu","1","0","%45,7","%55,1","%67,7","29","2","4","%54,3","%44,9","%32,3","20","4","5","408","74","%73,0","%66,3","16","%6,3","475","63","%78,7","%67,3","24","%12,5","1","12","4","2","7","5","%33,3","0","12","3","3","8","4","%25,0","15","%86,7","27","12","%75,0","16","17","3","0","17","4","0","1"
"Çaykur Rizespor","İstanbul Başakşehir","2","1","%55,4","%54,5","%55,6","22","3","4","%44,6","%45,5","%44,4","17","1","3","426","78","%76,1","%69,6","29","%34,5","350","72","%70,0","%60,0","13","%7,7","2","17","4","2","4","13","%23,5","1","7","1","1","5","2","%14,3","15","%80,0","17","4","%100,0","22","20","3","0","18","2","1","1"
"Akhisarspor","Kayserispor","1","1","%48,1","%56,9","%59,5","30","3","2","%51,9","%43,1","%40,5","14","2","5","393","55","%79,1","%67,0","15","%40,0","409","51","%80,0","%66,9","27","%18,5","1","10","6","0","4","6","%60,0","1","9","1","1","4","5","%11,1","18","%77,8","19","6","%50,0","15","19","3","0","12","0","0","0"
"İstanbul Başakşehir","Akhisarspor","2","0","%43,4","%43,1","%41,7","25","1","2","%56,6","%56,9","%58,3","22","2","7","371","70","%70,6","%60,0","15","%13,3","489","78","%77,3","%59,3","17","%17,6","2","9","3","1","4","5","%33,3","0","7","1","3","4","3","%14,3","24","%70,8","16","21","%71,4","22","21","1","0","11","1","0","1"
"Galatasaray","Sivasspor","3","1","%48,4","%52,9","%54,5","11","2","6","%51,6","%47,1","%45,5","11","1","11","446","53","%83,2","%72,1","16","%18,8","467","58","%84,6","%71,4","25","%28,0","3","16","10","3","5","11","%62,5","1","14","6","3","7","7","%42,9","17","%70,6","19","9","%55,6","12","20","5","0","16","1","0","1"
"Kasımpaşa","Antalyaspor","2","1","%55,6","%52,4","%72,2","25","2","3","%44,4","%47,6","%27,8","23","3","2","492","49","%83,3","%72,0","21","%28,6","403","64","%78,2","%64,5","9","%22,2","2","9","3","0","4","5","%33,3","1","9","3","0","4","5","%33,3","20","%85,0","7","18","%77,8","13","21","2","0","15","0","2","1"
"Sivasspor","Akhisarspor","1","1","%47,3","%43,1","%57,1","24","0","6","%52,7","%56,9","%42,9","23","0","5","335","66","%67,5","%56,5","25","%28,0","386","73","%69,2","%51,7","16","%12,5","1","10","1","2","1","9","%10,0","1","5","1","2","2","3","%20,0","10","%90,0","19","21","%71,4","18","23","1","1","18","4","0","0"
"Antalyaspor","Trabzonspor","7","0","%51,8","%63,5","%33,3","23","4","6","%48,2","%36,5","%66,7","23","1","5","395","44","%84,8","%67,6","13","%15,4","364","35","%86,0","%66,7","23","%8,7","7","15","11","2","7","8","%73,3","0","7","3","1","4","3","%42,9","20","%60,0","10","9","%88,9","11","13","5","0","17","5","1","1"
"Çaykur Rizespor","Akhisarspor","0","2","%51,1","%45,4","%42,9","15","0","4","%48,9","%54,6","%57,1","20","4","5","453","48","%78,1","%66,1","32","%18,8","448","69","%80,1","%67,4","20","%20,0","0","8","2","0","3","5","%25,0","2","6","3","1","2","4","%50,0","19","%68,4","18","21","%61,9","28","17","2","0","14","2","0","2"
"Osmanlıspor FK","Antalyaspor","3","0","%43,2","%51,3","%39,1","19","0","5","%56,8","%48,7","%60,9","22","0","4","335","47","%77,0","%63,4","10","%30,0","437","56","%82,2","%69,4","14","%35,7","3","14","7","2","5","9","%50,0","0","8","0","3","2","6","%0,0","17","%82,4","11","16","%68,8","17","20","1","0","20","1","0","1"
"Sivasspor","Gençlerbirliği","2","1","%56,2","%50,9","%62,5","19","1","12","%43,8","%49,1","%37,5","14","2","8","451","57","%79,8","%69,8","35","%34,3","357","64","%77,0","%64,2","19","%36,8","2","17","5","5","3","14","%29,4","1","14","6","4","6","8","%42,9","13","%76,9","18","20","%80,0","30","14","1","1","24","0","0","1"
"Fenerbahçe","Trabzonspor","2","0","%54,8","%51,3","%65,0","28","1","6","%45,2","%48,7","%35,0","26","1","1","414","42","%81,9","%69,8","27","%14,8","356","67","%76,4","%60,4","5","%0,0","2","14","5","2","7","7","%35,7","0","4","2","0","3","1","%50,0","21","%52,4","6","21","%71,4","19","20","4","0","17","2","1","1"
"Kayserispor","Fenerbahçe","0","1","%52,5","%41,5","%20,8","7","2","8","%47,5","%58,5","%79,2","21","4","3","352","56","%76,4","%60,5","24","%20,8","319","61","%77,4","%66,0","15","%26,7","0","15","2","8","5","10","%13,3","1","5","2","0","2","3","%40,0","15","%80,0","9","22","%54,5","29","24","2","1","25","7","0","2"
"Galatasaray","Mersin İdmanyurdu","1","1","%59,5","%47,0","%40,5","18","3","11","%40,5","%53,0","%59,5","18","7","0","373","57","%74,0","%63,6","34","%32,4","267","55","%66,7","%58,3","13","%30,8","1","23","8","3","7","16","%34,8","1","11","2","4","4","7","%18,2","16","%75,0","12","17","%82,4","24","19","3","1","22","3","1","0"
"Konyaspor","Kasımpaşa","2","0","%48,1","%44,0","%32,4","19","1","2","%51,9","%56,0","%67,6","15","0","4","391","80","%67,3","%60,6","13","%15,4","407","74","%76,4","%63,6","30","%13,3","2","7","5","1","3","4","%71,4","0","12","6","1","7","5","%50,0","17","%88,2","15","16","%75,0","18","16","1","0","12","2","0","1"
"Galatasaray","Bursaspor","3","0","%48,1","%60,0","%73,7","16","4","2","%51,9","%40,0","%26,3","26","1","1","485","55","%83,1","%74,0","13","%46,2","519","61","%85,7","%77,7","19","%21,1","3","12","4","3","4","8","%33,3","0","13","5","2","7","6","%38,5","19","%84,2","15","9","%88,9","13","16","2","0","14","1","0","1"
"Trabzonspor","Eskişehirspor","3","1","%47,4","%52,7","%72,7","15","2","3","%52,6","%47,3","%27,3","21","4","2","445","85","%77,1","%62,0","18","%16,7","492","50","%81,9","%68,0","17","%5,9","3","11","7","2","5","6","%63,6","1","7","3","2","4","3","%42,9","16","%87,5","12","14","%78,6","26","17","4","0","12","4","1","1"
"Kasımpaşa","Osmanlıspor FK","1","1","%40,4","%49,6","%66,7","42","2","2","%59,6","%50,4","%33,3","17","0","4","312","71","%66,0","%57,4","7","%42,9","455","55","%75,6","%70,0","15","%13,3","1","12","5","3","8","4","%41,7","1","16","4","3","8","8","%25,0","28","%71,4","19","18","%83,3","21","23","2","1","18","2","0","0"
"Kasımpaşa","Kayserispor","1","2","%61,5","%54,3","%65,4","20","1","5","%38,5","%45,7","%34,6","12","0","2","467","89","%79,9","%70,9","34","%32,4","301","80","%62,1","%50,0","14","%21,4","1","13","4","3","4","9","%30,8","2","6","2","3","2","4","%33,3","16","%93,8","10","12","%75,0","29","14","1","0","13","3","0","2"
"Osmanlıspor FK","Sivasspor","4","0","%50,2","%49,5","%60,0","27","3","6","%49,8","%50,5","%40,0","26","1","3","398","87","%72,6","%63,1","21","%28,6","403","80","%72,7","%62,5","13","%30,8","4","20","7","4","7","13","%35,0","0","8","2","3","5","3","%25,0","19","%94,7","21","18","%88,9","12","14","2","0","11","2","0","1"
"İstanbul Başakşehir","Konyaspor","4","0","%48,2","%45,9","%41,7","34","1","1","%51,8","%54,1","%58,3","18","3","2","383","75","%74,4","%64,2","22","%27,3","425","77","%71,8","%61,7","11","%36,4","4","7","4","0","2","5","%57,1","0","2","0","1","1","1","%0,0","12","%58,3","9","25","%84,0","12","19","1","0","18","3","0","1"
"Sivasspor","Fenerbahçe","2","2","%40,0","%45,1","%44,4","17","4","3","%60,0","%54,9","%55,6","19","2","9","314","63","%66,9","%49,1","17","%23,5","465","73","%79,4","%64,5","35","%22,9","2","15","8","3","7","8","%53,3","2","13","2","3","4","9","%15,4","17","%88,2","20","12","%83,3","21","18","3","0","14","1","0","0"
"Bursaspor","Eskişehirspor","2","0","%66,1","%56,1","%64,3","29","2","7","%33,9","%43,9","%35,7","14","3","5","467","72","%80,5","%72,5","25","%24,0","238","70","%59,2","%50,3","14","%14,3","2","17","4","2","8","9","%23,5","0","8","3","1","4","4","%37,5","19","%68,4","20","21","%76,2","19","14","2","0","18","2","0","1"
"Gençlerbirliği","Sivasspor","0","1","%63,2","%45,7","%49,1","16","2","6","%36,8","%54,3","%50,9","29","1","3","460","78","%71,7","%54,3","32","%21,9","278","70","%57,2","%50,3","8","%25,0","0","13","1","3","7","6","%7,7","1","8","5","1","2","6","%62,5","9","%88,9","23","20","%90,0","50","15","2","0","19","4","0","2"
"Çaykur Rizespor","Gençlerbirliği","2","3","%52,3","%50,0","%45,7","17","1","5","%47,7","%50,0","%54,3","8","1","7","373","56","%76,9","%64,1","24","%25,0","348","55","%73,6","%64,1","14","%14,3","2","14","5","1","4","10","%35,7","3","15","5","2","6","9","%33,3","17","%88,2","12","13","%100,0","11","17","2","0","21","2","0","2"
"Kasımpaşa","Trabzonspor","1","1","%47,6","%53,1","%63,6","21","0","10","%52,4","%46,9","%36,4","19","2","2","332","63","%77,4","%70,4","28","%35,7","383","66","%76,5","%67,1","12","%41,7","1","23","7","3","10","13","%30,4","1","10","4","1","5","5","%40,0","14","%71,4","10","25","%76,0","16","17","4","0","21","3","0","0"
"Gaziantepspor","Konyaspor","0","1","%59,8","%54,4","%53,1","30","0","3","%40,2","%45,6","%46,9","18","2","5","482","59","%82,0","%72,6","27","%22,2","335","65","%69,0","%61,0","9","%55,6","0","8","1","3","6","2","%12,5","1","11","5","2","2","9","%45,5","15","%86,7","22","20","%85,0","21","16","4","0","20","2","0","2"
"Kayserispor","Gaziantepspor","2","2","%38,7","%53,3","%53,1","23","1","4","%61,3","%46,7","%46,9","22","2","5","254","79","%55,9","%49,7","8","%37,5","399","56","%75,2","%67,6","21","%9,5","2","15","6","5","7","8","%40,0","2","17","7","3","10","7","%41,2","21","%71,4","18","11","%90,9","18","18","2","0","14","2","0","0"
"Osmanlıspor FK","Kasımpaşa","0","1","%35,7","%46,4","%46,4","29","2","6","%64,3","%53,6","%53,6","17","1","9","295","64","%69,8","%53,2","18","%11,1","547","68","%83,0","%70,5","18","%11,1","0","7","2","0","6","1","%28,6","1","10","3","2","6","4","%30,0","24","%62,5","17","31","%61,3","21","14","1","1","15","3","0","2"
"Kasımpaşa","Fenerbahçe","0","1","%48,7","%58,0","%46,2","15","3","5","%51,3","%42,0","%53,8","14","2","2","374","73","%72,7","%55,0","27","%18,5","409","61","%79,0","%66,7","12","%16,7","0","11","2","2","7","4","%18,2","1","8","4","0","4","4","%50,0","26","%80,8","16","17","%76,5","28","17","0","1","27","3","0","2"
"Akhisarspor","Trabzonspor","2","1","%60,3","%51,9","%54,0","19","2","3","%39,7","%48,1","%46,0","25","0","6","462","64","%71,6","%62,4","19","%10,5","301","86","%53,8","%44,7","14","%35,7","2","10","2","2","2","8","%20,0","1","8","3","2","2","6","%37,5","13","%84,6","27","20","%60,0","26","18","2","0","25","2","1","1"
"Akhisarspor","Fenerbahçe","0","3","%51,3","%49,1","%42,9","25","4","3","%48,7","%50,9","%57,1","15","0","3","430","56","%74,7","%61,8","12","%16,7","407","83","%69,3","%56,4","9","%11,1","0","8","2","0","5","3","%25,0","3","8","3","1","5","3","%37,5","15","%73,3","26","13","%76,9","18","16","1","0","20","1","0","2"
"Mersin İdmanyurdu","Kasımpaşa","1","2","%45,9","%31,0","%28,2","17","1","4","%54,1","%69,0","%71,8","12","1","4","300","71","%71,0","%60,4","15","%13,3","347","63","%72,6","%65,6","26","%23,1","1","9","3","2","6","3","%33,3","2","16","6","3","5","11","%37,5","7","%71,4","20","21","%76,2","17","23","4","1","18","1","1","2"
"Galatasaray","Antalyaspor","3","3","%58,7","%51,4","%44,4","17","5","7","%41,3","%48,6","%55,6","22","8","6","505","47","%85,0","%72,7","19","%10,5","352","47","%81,5","%69,5","17","%17,6","3","13","6","2","7","6","%46,2","3","16","9","4","6","10","%56,3","13","%84,6","15","10","%100,0","17","20","4","0","14","3","0","0"
"Bursaspor","Mersin İdmanyurdu","2","1","%50,0","%50,4","%56,4","19","1","7","%50,0","%49,6","%43,6","16","1","6","350","68","%68,0","%60,7","28","%21,4","356","69","%69,4","%59,8","26","%26,9","2","14","5","6","5","9","%35,7","1","5","2","2","0","5","%40,0","21","%85,7","20","17","%88,2","20","17","3","0","19","2","0","1"
"Gençlerbirliği","Galatasaray","1","1","%40,9","%57,7","%68,0","23","7","3","%59,1","%42,3","%32,0","17","0","4","352","60","%77,3","%70,2","15","%53,3","516","56","%82,4","%74,5","20","%15,0","1","10","2","1","3","7","%20,0","1","11","3","5","7","4","%27,3","28","%78,6","21","18","%61,1","15","20","1","0","17","2","0","0"
"Bursaspor","Osmanlıspor FK","0","4","%63,4","%49,2","%39,3","22","1","3","%36,6","%50,8","%60,7","25","5","3","550","83","%79,3","%71,0","18","%27,8","315","74","%71,1","%62,9","14","%14,3","0","12","1","4","7","5","%8,3","4","12","9","1","6","6","%75,0","21","%76,2","8","23","%73,9","21","18","0","0","21","1","0","2"
"Eskişehirspor","Gençlerbirliği","2","0","%29,9","%48,1","%48,5","30","2","3","%70,1","%51,9","%51,5","12","2","7","226","73","%58,8","%53,2","10","%20,0","519","37","%82,1","%70,7","37","%24,3","2","6","2","2","4","2","%33,3","0","21","6","4","11","10","%28,6","18","%77,8","51","17","%88,2","13","14","4","1","13","1","0","1"
"Gençlerbirliği","Konyaspor","0","1","%53,1","%59,2","%51,3","21","2","2","%46,9","%40,8","%48,7","13","0","4","422","76","%78,9","%69,2","27","%37,0","379","73","%70,2","%62,4","16","%25,0","0","12","4","2","6","6","%33,3","1","11","3","6","4","7","%27,3","11","%90,9","14","10","%90,0","11","10","2","0","25","1","0","2"
"Osmanlıspor FK","Beşiktaş","2","3","%43,7","%43,7","%45,8","12","4","7","%56,3","%56,3","%54,2","28","1","3","370","60","%67,3","%60,3","17","%35,3","476","63","%75,2","%67,8","20","%15,0","2","17","8","2","8","9","%47,1","3","7","3","2","1","6","%42,9","16","%87,5","21","12","%75,0","17","27","2","0","10","3","0","2"
"Trabzonspor","Fenerbahçe","0","4","%55,1","%47,2","%35,3","13","2","2","%44,9","%52,8","%64,7","20","1","7","461","51","%85,5","%75,8","20","%20,0","376","50","%80,1","%67,0","13","%30,8","0","8","2","4","7","1","%25,0","4","13","6","3","4","9","%46,2","13","%92,3","11","14","%78,6","14","13","2","0","18","2","0","2"
"Osmanlıspor FK","Mersin İdmanyurdu","3","1","%45,1","%47,7","%37,1","20","1","4","%54,9","%52,3","%62,9","14","2","6","331","81","%62,8","%50,8","17","%11,8","399","80","%67,4","%57,7","21","%23,8","3","13","8","1","9","4","%61,5","1","10","4","2","6","4","%40,0","20","%80,0","38","28","%71,4","16","14","3","0","21","2","0","1"
"Trabzonspor","Gaziantepspor","2","2","%60,8","%44,1","%54,3","20","0","2","%39,2","%55,9","%45,7","27","1","2","558","63","%82,1","%70,0","24","%29,2","357","58","%70,3","%59,6","15","%13,3","2","14","7","2","4","10","%50,0","2","7","3","2","3","4","%42,9","11","%72,7","14","22","%72,7","17","25","5","0","18","4","0","0"
"Konyaspor","Fenerbahçe","2","1","%43,3","%42,0","%50,0","21","3","2","%56,7","%58,0","%50,0","15","1","5","331","70","%64,0","%56,5","10","%40,0","417","70","%69,5","%57,7","34","%11,8","2","6","3","0","1","5","%50,0","1","11","4","1","3","8","%36,4","22","%81,8","23","33","%72,7","15","19","1","0","6","1","0","1"
"Gençlerbirliği","Bursaspor","2","0","%44,6","%47,9","%53,5","24","1","3","%55,4","%52,1","%46,5","20","0","9","393","66","%72,5","%61,8","15","%26,7","474","62","%79,3","%66,0","34","%8,8","2","13","7","2","6","7","%53,8","0","13","2","6","6","7","%15,4","19","%84,2","23","29","%65,5","10","11","4","0","12","2","0","1"
"Kasımpaşa","Gençlerbirliği","0","1","%55,6","%53,0","%50,0","22","0","4","%44,4","%47,0","%50,0","23","0","3","392","81","%73,0","%63,5","25","%24,0","322","61","%68,0","%55,2","12","%16,7","0","16","4","5","10","6","%25,0","1","4","1","2","2","2","%25,0","26","%69,2","14","16","%75,0","23","15","1","1","18","1","0","2"
"Çaykur Rizespor","Osmanlıspor FK","0","1","%50,0","%43,1","%50,0","28","0","8","%50,0","%56,9","%50,0","9","0","5","393","59","%80,2","%62,8","28","%10,7","410","51","%78,0","%68,9","15","%26,7","0","11","1","4","7","4","%9,1","1","16","5","3","9","7","%31,3","12","%66,7","15","21","%90,5","28","16","3","0","21","2","0","2"
"Eskişehirspor","Trabzonspor","1","0","%61,3","%55,6","%50,0","22","1","6","%38,7","%44,4","%50,0","24","4","2","514","57","%86,2","%78,4","24","%20,8","323","60","%72,8","%61,5","10","%10,0","1","22","5","4","11","11","%22,7","0","8","2","1","5","3","%25,0","20","%90,0","11","9","%77,8","15","18","2","0","19","3","1","1"
"Osmanlıspor FK","Eskişehirspor","0","0","%53,9","%52,9","%47,8","15","3","5","%46,1","%47,1","%52,2","18","1","5","424","53","%80,2","%72,5","16","%31,3","367","78","%77,9","%62,0","13","%30,8","0","14","5","4","7","7","%35,7","0","5","0","1","3","2","%0,0","25","%76,0","14","21","%76,2","19","15","1","0","20","2","0","0"
"Konyaspor","İstanbul Başakşehir","1","1","%36,5","%53,2","%46,7","12","0","6","%63,5","%46,8","%53,3","20","0","3","276","66","%64,5","%58,1","17","%47,1","478","89","%79,9","%67,1","30","%26,7","1","9","3","4","1","8","%33,3","1","11","2","4","5","6","%18,2","19","%68,4","32","18","%55,6","15","9","1","0","21","2","0","0"
"Antalyaspor","Konyaspor","1","0","%42,8","%51,0","%50,0","35","2","5","%57,2","%49,0","%50,0","21","3","4","350","76","%76,0","%63,1","16","%25,0","475","58","%80,2","%66,3","19","%0,0","1","11","3","3","7","4","%27,3","0","10","2","3","5","5","%20,0","12","%83,3","16","19","%94,7","11","15","1","0","18","3","0","1"
"Galatasaray","Konyaspor","0","0","%53,0","%53,0","%56,8","20","3","6","%47,0","%47,0","%43,2","24","3","3","407","85","%67,6","%59,4","25","%20,0","369","69","%67,5","%58,9","16","%25,0","0","12","1","3","4","8","%8,3","0","9","3","2","4","5","%33,3","15","%73,3","20","13","%76,9","29","18","3","0","21","2","0","0"
"Fenerbahçe","Gençlerbirliği","2","1","%54,6","%50,0","%65,6","26","1","10","%45,4","%50,0","%34,4","21","5","7","404","46","%85,9","%72,1","25","%16,0","341","53","%82,1","%69,4","17","%11,8","2","19","3","10","7","12","%15,8","1","11","4","3","9","2","%36,4","13","%69,2","16","28","%67,9","18","16","3","0","19","2","0","1"
"Mersin İdmanyurdu","Akhisarspor","0","0","%51,3","%52,3","%50,0","18","2","5","%48,7","%47,7","%50,0","20","3","6","407","73","%68,6","%62,7","12","%25,0","378","86","%65,9","%53,6","20","%10,0","0","13","4","2","8","5","%30,8","0","8","1","2","4","4","%12,5","17","%58,8","16","23","%78,3","21","18","2","0","20","3","0","0"
"Konyaspor","Bursaspor","1","0","%48,9","%63,8","%64,5","8","2","1","%51,1","%36,2","%35,5","23","2","6","349","85","%64,8","%55,0","14","%14,3","352","69","%72,2","%60,2","23","%21,7","1","4","2","1","2","2","%50,0","0","14","2","4","9","5","%14,3","23","%73,9","15","11","%72,7","7","14","3","0","23","3","1","1"
"Çaykur Rizespor","Konyaspor","0","0","%38,1","%61,1","%52,4","22","1","4","%61,9","%38,9","%47,6","18","0","3","345","67","%73,9","%58,4","21","%19,0","578","74","%84,9","%77,1","14","%21,4","0","14","4","3","6","8","%28,6","0","4","1","1","2","2","%25,0","18","%72,2","20","9","%66,7","21","12","2","0","19","3","0","0"
"Akhisarspor","Kasımpaşa","0","1","%48,6","%53,1","%41,2","17","1","2","%51,4","%46,9","%58,8","22","0","6","423","79","%71,6","%56,0","17","%23,5","438","101","%74,2","%63,3","26","%26,9","0","8","0","5","2","6","%0,0","1","14","7","1","3","11","%50,0","22","%50,0","26","9","%66,7","16","11","2","1","18","2","0","2"
"Osmanlıspor FK","Trabzonspor","3","1","%31,5","%59,8","%50,0","17","3","7","%68,5","%40,2","%50,0","4","1","5","221","60","%69,2","%54,9","13","%38,5","487","51","%86,0","%73,4","30","%20,0","3","9","4","0","3","6","%44,4","1","15","3","2","8","7","%20,0","16","%75,0","33","11","%63,6","7","11","2","1","16","4","0","1"
"Galatasaray","Gaziantepspor","2","1","%59,1","%59,3","%58,8","16","4","4","%40,9","%40,7","%41,2","30","0","2","514","51","%81,3","%73,8","17","%47,1","355","65","%73,5","%68,3","9","%33,3","2","21","11","2","8","13","%52,4","1","15","4","3","9","6","%26,7","24","%83,3","6","17","%64,7","14","12","4","0","13","2","0","1"
"Eskişehirspor","Antalyaspor","3","2","%44,5","%56,4","%45,5","20","2","2","%55,5","%43,6","%54,5","21","0","7","323","69","%71,5","%58,2","20","%15,0","399","60","%75,2","%58,2","23","%17,4","3","13","4","2","5","8","%30,8","2","10","3","4","3","7","%30,0","25","%88,0","21","10","%90,0","7","14","4","1","18","5","0","1"
"Beşiktaş","Gaziantepspor","4","0","%61,0","%51,3","%62,5","19","3","2","%39,0","%48,7","%37,5","26","4","2","559","50","%82,8","%72,0","23","%26,1","363","55","%76,6","%67,2","10","%10,0","4","13","9","1","3","10","%69,2","0","13","6","3","6","7","%46,2","25","%76,0","8","24","%79,2","17","17","1","0","14","1","0","1"
"Akhisarspor","Galatasaray","1","2","%48,4","%55,3","%50,0","24","1","4","%51,6","%44,7","%50,0","15","1","2","464","67","%78,9","%68,1","26","%19,2","504","69","%79,6","%70,6","15","%33,3","1","17","4","2","7","10","%23,5","2","11","3","3","4","7","%27,3","17","%70,6","4","9","%77,8","23","19","2","0","10","3","0","2"
"Osmanlıspor FK","Bursaspor","3","3","%50,3","%52,7","%55,6","22","1","5","%49,7","%47,3","%44,4","30","0","2","405","64","%76,8","%66,2","21","%23,8","409","82","%72,1","%61,8","13","%23,1","3","18","7","1","1","17","%38,9","3","9","3","2","4","5","%33,3","17","%88,2","29","18","%66,7","8","15","4","0","12","1","0","0"
"Beşiktaş","Osmanlıspor FK","3","1","%58,9","%59,3","%60,0","24","0","9","%41,1","%40,7","%40,0","16","0","4","490","44","%84,1","%71,6","21","%33,3","337","40","%79,2","%67,3","17","%11,8","3","17","4","5","5","12","%23,5","1","12","5","2","6","6","%41,7","27","%77,8","14","19","%89,5","19","17","1","0","20","2","0","1"
"Gaziantepspor","Antalyaspor","2","0","%37,0","%52,9","%45,5","20","2","5","%63,0","%47,1","%54,5","17","1","1","253","49","%70,4","%61,0","21","%28,6","449","58","%82,2","%68,7","11","%18,2","2","12","7","1","4","8","%58,3","0","6","1","0","3","3","%16,7","24","%75,0","9","14","%85,7","14","15","2","0","14","0","0","1"
"İstanbul Başakşehir","Trabzonspor","1","0","%40,1","%41,5","%41,2","32","4","4","%59,9","%58,5","%58,8","19","6","2","356","65","%76,1","%68,0","17","%29,4","541","73","%83,0","%69,8","14","%35,7","1","18","6","3","9","9","%33,3","0","10","1","3","4","6","%10,0","16","%93,8","12","22","%77,3","12","13","3","0","9","2","0","1"
"Gaziantepspor","Sivasspor","0","1","%59,5","%51,6","%51,2","14","0","5","%40,5","%48,4","%48,8","15","1","4","446","72","%75,8","%64,5","20","%15,0","299","81","%63,5","%51,6","17","%29,4","0","5","2","2","4","1","%40,0","1","8","2","4","2","6","%25,0","13","%92,3","41","16","%75,0","25","20","2","0","22","2","0","2"
"Antalyaspor","Akhisarspor","2","2","%62,1","%51,4","%43,5","20","1","7","%37,9","%48,6","%56,5","13","4","3","521","48","%84,6","%71,9","30","%10,0","320","52","%74,4","%64,5","18","%33,3","2","20","9","5","7","13","%45,0","2","11","4","1","3","8","%36,4","11","%90,9","13","15","%100,0","31","17","3","0","19","3","0","0"
"Eskişehirspor","Bursaspor","0","1","%45,5","%51,0","%50,0","9","0","2","%54,5","%49,0","%50,0","19","4","2","387","84","%74,2","%61,0","25","%20,0","484","80","%76,0","%69,3","10","%30,0","0","14","3","2","9","5","%21,4","1","10","4","2","3","7","%40,0","17","%76,5","14","12","%83,3","10","18","2","0","15","2","0","2"
"Antalyaspor","Sivasspor","1","1","%50,5","%44,8","%54,5","14","1","8","%49,5","%55,2","%45,5","15","3","4","392","69","%72,4","%61,4","21","%28,6","376","65","%76,3","%65,3","25","%32,0","1","14","5","4","7","7","%35,7","1","15","5","3","9","6","%33,3","21","%85,7","21","25","%60,0","25","22","3","0","13","3","0","0"
"Akhisarspor","Çaykur Rizespor","1","1","%58,0","%50,0","%47,3","12","1","7","%42,0","%50,0","%52,7","27","0","3","455","85","%74,9","%61,7","30","%23,3","341","84","%62,5","%56,6","12","%25,0","1","13","2","5","4","9","%15,4","1","10","6","1","1","9","%60,0","10","%80,0","9","16","%75,0","33","16","0","0","13","3","0","0"
"Mersin İdmanyurdu","Sivasspor","1","0","%46,2","%49,1","%57,6","12","4","8","%53,8","%50,9","%42,4","14","3","3","372","84","%67,7","%51,5","22","%18,2","442","82","%72,9","%64,7","19","%36,8","1","13","5","2","6","7","%38,5","0","10","4","3","4","6","%40,0","17","%76,5","16","20","%80,0","29","17","3","0","17","4","0","1"
"Konyaspor","Gençlerbirliği","0","0","%48,9","%50,0","%53,8","10","1","3","%51,1","%50,0","%46,2","18","1","2","411","69","%74,5","%62,4","16","%18,8","438","76","%79,0","%65,9","13","%7,7","0","9","2","5","5","4","%22,2","0","6","0","2","6","0","%0,0","24","%79,2","17","12","%83,3","15","24","3","0","11","4","0","0"
"Beşiktaş","Konyaspor","4","0","%52,2","%54,2","%75,0","26","2","2","%47,8","%45,8","%25,0","25","2","3","449","55","%83,7","%74,8","23","%26,1","423","72","%74,9","%68,2","10","%30,0","4","19","9","4","7","12","%47,4","0","5","3","0","1","4","%60,0","13","%76,9","13","22","%68,2","7","14","4","0","14","2","0","1"
"Sivasspor","Eskişehirspor","1","2","%69,2","%40,0","%25,0","17","1","5","%30,8","%60,0","%75,0","30","0","4","544","82","%77,0","%68,8","24","%37,5","240","63","%65,8","%46,7","12","%8,3","1","17","6","3","6","11","%35,3","2","13","6","3","7","6","%46,2","11","%90,9","10","14","%71,4","42","18","1","1","13","5","0","2"
"Trabzonspor","Osmanlıspor FK","1","2","%53,4","%55,2","%61,3","20","0","8","%46,6","%44,8","%38,7","29","1","9","461","45","%80,3","%67,2","37","%24,3","418","51","%79,9","%69,5","18","%16,7","1","18","4","6","6","12","%22,2","2","19","8","3","10","9","%42,1","18","%50,0","23","18","%77,8","27","6","2","0","21","1","0","2"
"Fenerbahçe","Çaykur Rizespor","2","1","%57,9","%49,2","%57,4","20","0","12","%42,1","%50,8","%42,6","24","2","1","395","65","%73,4","%63,9","24","%33,3","296","73","%56,4","%45,8","4","%50,0","2","17","4","4","5","12","%23,5","1","5","2","0","2","3","%40,0","14","%50,0","7","23","%87,0","26","17","5","0","14","3","0","1"
"Konyaspor","Mersin İdmanyurdu","2","0","%47,9","%50,4","%41,2","24","1","4","%52,1","%49,6","%58,8","19","2","1","392","67","%76,3","%70,4","13","%23,1","413","75","%76,3","%65,1","22","%27,3","2","19","4","3","8","11","%21,1","0","7","2","0","4","3","%28,6","24","%58,3","14","19","%57,9","7","17","0","0","24","3","0","1"
"Çaykur Rizespor","Antalyaspor","5","1","%34,3","%55,6","%68,4","15","0","4","%65,7","%44,4","%31,6","13","2","8","226","69","%65,0","%58,6","19","%42,1","462","41","%84,0","%76,6","12","%25,0","5","11","5","4","2","9","%45,5","1","15","4","2","8","7","%26,7","20","%75,0","16","12","%75,0","14","20","1","0","16","2","0","1"
"Fenerbahçe","Bursaspor","2","1","%56,1","%41,9","%42,3","17","1","8","%43,9","%58,1","%57,7","15","0","1","389","64","%74,8","%66,4","16","%25,0","299","66","%70,2","%59,2","15","%53,3","2","11","4","4","6","5","%36,4","1","13","4","2","7","6","%30,8","18","%72,2","16","25","%92,0","14","24","2","0","18","5","0","1"
"Kayserispor","Kasımpaşa","0","0","%57,0","%47,2","%47,4","12","3","6","%43,0","%52,8","%52,6","23","1","1","408","66","%75,5","%58,4","22","%13,6","307","72","%67,1","%55,9","16","%18,8","0","14","4","2","9","5","%28,6","0","7","1","1","3","4","%14,3","16","%75,0","14","14","%85,7","16","27","3","0","21","1","0","0"
"Bursaspor","Sivasspor","1","0","%48,1","%52,4","%57,9","28","3","2","%51,9","%47,6","%42,1","21","3","7","391","57","%78,3","%71,0","16","%37,5","410","66","%78,8","%64,5","27","%22,2","1","10","2","4","5","5","%20,0","0","16","3","6","8","8","%18,8","25","%76,0","25","18","%72,2","13","12","2","0","14","3","0","1"
"Galatasaray","Osmanlıspor FK","1","2","%68,1","%50,4","%45,7","16","1","9","%31,9","%49,6","%54,3","23","1","3","681","48","%85,0","%76,7","35","%37,1","328","66","%69,8","%64,1","10","%20,0","1","27","7","4","12","15","%25,9","2","9","5","2","6","3","%55,6","22","%81,8","3","12","%100,0","31","19","1","0","13","1","0","2"
"Gençlerbirliği","İstanbul Başakşehir","0","0","%49,4","%51,9","%56,0","15","0","6","%50,6","%48,1","%44,0","12","2","4","356","51","%80,3","%72,0","18","%33,3","375","64","%78,7","%63,7","12","%25,0","0","11","3","3","5","6","%27,3","0","10","5","0","5","5","%50,0","12","%83,3","19","22","%68,2","13","14","3","0","14","0","0","0"
"Kasımpaşa","Bursaspor","0","1","%47,4","%56,1","%50,0","23","4","2","%52,6","%43,9","%50,0","22","3","3","366","66","%73,2","%62,9","19","%31,6","408","89","%69,9","%61,1","18","%38,9","0","18","6","4","13","5","%33,3","1","13","4","5","8","5","%30,8","12","%58,3","19","12","%66,7","20","14","1","0","18","3","1","2"
"Trabzonspor","İstanbul Başakşehir","1","1","%52,6","%54,5","%62,5","24","2","2","%47,4","%45,5","%37,5","13","2","9","442","61","%82,1","%71,2","14","%28,6","386","49","%80,6","%68,3","24","%29,2","1","8","3","1","5","3","%37,5","1","13","5","3","5","8","%38,5","14","%78,6","19","14","%71,4","17","18","1","1","22","3","0","0"
"İstanbul Başakşehir","Kayserispor","1","0","%49,3","%49,6","%54,5","21","1","7","%50,7","%50,4","%45,5","16","1","4","400","58","%76,8","%65,5","27","%29,6","406","80","%74,9","%66,3","24","%12,5","1","14","9","1","4","10","%64,3","0","6","1","3","6","0","%16,7","22","%77,3","21","22","%77,3","19","16","1","0","13","2","0","1"
"İstanbul Başakşehir","Sivasspor","2","2","%62,3","%55,6","%67,4","19","6","8","%37,7","%44,4","%32,6","20","3","2","478","74","%75,9","%59,2","25","%24,0","296","65","%64,5","%49,7","13","%23,1","2","13","7","2","4","9","%53,8","2","7","3","3","3","4","%42,9","18","%66,7","7","16","%81,3","38","14","3","0","16","1","0","0"
"Fenerbahçe","Konyaspor","1","0","%63,2","%47,8","%56,0","18","2","8","%36,8","%52,2","%44,0","26","5","3","549","81","%82,3","%72,0","36","%16,7","336","72","%69,9","%59,6","6","%33,3","1","18","7","6","8","10","%38,9","0","8","1","6","6","2","%12,5","18","%55,6","9","24","%58,3","26","18","2","0","15","1","0","1"
"Beşiktaş","Kasımpaşa","3","3","%62,7","%50,9","%36,7","16","3","9","%37,3","%49,1","%63,3","24","1","1","474","61","%79,1","%65,1","20","%5,0","277","64","%67,9","%53,0","17","%5,9","3","14","7","3","5","9","%50,0","3","6","3","2","2","4","%50,0","21","%85,7","17","20","%60,0","27","15","2","0","19","6","0","0"
"Fenerbahçe","Kayserispor","1","0","%63,7","%62,6","%60,0","18","2","10","%36,3","%37,4","%40,0","23","4","0","515","59","%83,5","%72,0","34","%11,8","299","68","%67,9","%54,5","11","%18,2","1","24","11","7","13","11","%45,8","0","4","0","1","2","2","%0,0","33","%63,6","14","14","%78,6","31","16","1","0","19","3","3","1"
"Kayserispor","Gençlerbirliği","0","2","%61,6","%48,5","%48,1","17","4","10","%38,4","%51,5","%51,9","22","2","1","532","54","%85,0","%79,4","39","%33,3","347","60","%70,6","%63,3","9","%11,1","0","27","3","9","15","12","%11,1","2","5","2","1","3","2","%40,0","17","%88,2","13","18","%88,9","26","12","3","0","20","3","0","2"
"Fenerbahçe","Galatasaray","1","1","%44,3","%58,3","%67,7","22","3","6","%55,7","%41,7","%32,3","15","2","5","369","62","%71,3","%56,1","22","%40,9","467","71","%76,7","%60,3","25","%16,0","1","16","6","1","8","8","%37,5","1","9","3","2","4","5","%33,3","23","%78,3","18","11","%81,8","17","25","3","0","18","4","0","0"
"Mersin İdmanyurdu","Osmanlıspor FK","0","4","%62,1","%48,7","%64,5","15","2","5","%37,9","%51,3","%35,5","19","0","0","462","67","%77,5","%67,2","23","%21,7","289","62","%69,9","%61,1","9","%11,1","0","16","2","5","9","7","%12,5","4","16","8","2","10","6","%50,0","13","%92,3","6","23","%87,0","29","20","3","0","20","3","0","2"
"Osmanlıspor FK","Konyaspor","1","2","%50,8","%52,4","%50,0","14","2","9","%49,2","%47,6","%50,0","15","0","6","383","72","%76,8","%57,9","37","%29,7","391","82","%70,3","%61,5","19","%21,1","1","19","6","4","8","11","%31,6","2","9","6","1","3","6","%66,7","22","%90,9","15","23","%95,7","29","15","2","0","23","3","1","2"
"Kayserispor","Trabzonspor","0","1","%45,0","%48,9","%50,0","23","3","2","%55,0","%51,1","%50,0","6","1","3","395","59","%82,5","%71,4","10","%0,0","469","45","%80,8","%65,3","24","%12,5","0","8","2","2","7","1","%25,0","1","7","2","0","3","4","%28,6","15","%66,7","16","23","%78,3","7","12","2","0","20","4","0","2"
"Galatasaray","Beşiktaş","0","1","%57,2","%49,4","%37,5","9","1","6","%42,8","%50,6","%62,5","21","1","5","570","59","%82,1","%72,9","22","%13,6","424","54","%79,2","%72,5","16","%25,0","0","12","1","4","6","6","%8,3","1","19","10","3","5","14","%52,6","21","%71,4","16","10","%50,0","18","13","3","0","13","3","0","2"
"Gençlerbirliği","Antalyaspor","1","0","%49,9","%58,6","%70,0","15","3","9","%50,1","%41,4","%30,0","27","0","2","420","56","%76,4","%65,9","35","%34,3","449","67","%76,2","%61,3","8","%0,0","1","13","5","0","3","10","%38,5","0","3","0","2","2","1","%0,0","14","%92,9","11","19","%63,2","19","13","1","0","22","2","0","1"
"Gaziantepspor","Gençlerbirliği","1","3","%47,4","%44,0","%48,3","17","2","2","%52,6","%56,0","%51,7","15","2","8","384","49","%76,0","%63,4","17","%11,8","423","52","%84,2","%77,0","22","%54,5","1","3","2","0","1","2","%66,7","3","22","10","2","8","14","%45,5","19","%84,2","17","20","%95,0","24","14","2","0","12","3","0","2"
"Çaykur Rizespor","Kayserispor","0","0","%56,0","%44,2","%45,5","8","2","5","%44,0","%55,8","%54,5","17","4","5","434","64","%79,5","%64,7","16","%37,5","340","69","%73,5","%62,0","15","%26,7","0","9","1","4","4","5","%11,1","0","17","3","4","13","4","%17,6","13","%84,6","13","14","%78,6","7","17","6","0","9","3","0","0"
"Antalyaspor","Osmanlıspor FK","1","1","%52,8","%50,4","%63,0","27","0","4","%47,2","%49,6","%37,0","13","1","4","404","48","%78,0","%65,0","32","%21,9","377","64","%73,7","%59,0","13","%15,4","1","13","4","3","6","7","%30,8","1","10","2","5","7","3","%20,0","18","%77,8","11","21","%66,7","27","21","4","0","24","2","0","0"
"Mersin İdmanyurdu","İstanbul Başakşehir","1","1","%38,9","%44,4","%33,3","23","2","3","%61,1","%55,6","%66,7","15","2","5","310","66","%69,0","%62,1","15","%26,7","476","55","%81,1","%72,9","29","%24,1","1","9","3","3","6","3","%33,3","1","17","7","4","6","11","%41,2","14","%85,7","25","19","%63,2","12","12","2","1","16","3","0","0"
"Gaziantepspor","Galatasaray","2","0","%40,3","%50,0","%37,5","16","0","6","%59,7","%50,0","%62,5","22","2","10","316","57","%70,9","%63,3","12","%16,7","450","62","%80,2","%66,1","32","%18,8","2","9","3","1","4","5","%33,3","0","11","4","2","4","7","%36,4","23","%78,3","39","14","%85,7","10","13","2","0","10","2","0","1"
"Akhisarspor","Konyaspor","0","2","%60,8","%60,4","%73,3","22","1","6","%39,2","%39,6","%26,7","33","0","4","435","85","%67,1","%54,5","25","%36,0","289","79","%50,5","%44,9","9","%22,2","0","12","3","1","3","9","%25,0","2","4","2","0","2","2","%50,0","25","%72,0","16","22","%81,8","19","13","2","0","14","2","0","2"
"İstanbul Başakşehir","Çaykur Rizespor","1","0","%48,3","%43,3","%42,3","11","0","3","%51,7","%56,7","%57,7","20","2","5","405","62","%81,5","%71,8","23","%26,1","448","91","%79,2","%61,9","11","%9,1","1","13","3","4","7","6","%23,1","0","5","3","0","1","4","%60,0","14","%57,1","9","16","%81,3","18","20","1","0","12","2","0","1"
"İstanbul Başakşehir","Beşiktaş","2","2","%37,5","%45,5","%55,0","24","4","4","%62,5","%54,5","%45,0","21","4","7","339","54","%75,5","%65,6","11","%36,4","543","62","%82,7","%69,1","38","%18,4","2","10","4","3","5","5","%40,0","2","12","6","1","3","9","%50,0","14","%78,6","28","13","%84,6","9","22","5","0","10","1","0","0"
"Osmanlıspor FK","İstanbul Başakşehir","0","3","%47,0","%46,4","%53,7","19","3","9","%53,0","%53,6","%46,3","21","0","4","324","70","%70,7","%59,1","22","%27,3","377","77","%71,9","%58,9","15","%20,0","0","12","7","1","6","6","%58,3","3","12","5","2","4","8","%41,7","19","%73,7","33","19","%94,7","26","14","4","0","17","3","0","2"
"Eskişehirspor","Konyaspor","1","2","%40,3","%56,7","%55,6","15","0","6","%59,7","%43,3","%44,4","16","4","4","384","82","%82,6","%66,5","21","%14,3","588","81","%87,9","%82,3","13","%30,8","1","10","4","5","4","6","%40,0","2","11","4","5","5","6","%36,4","16","%81,3","2","16","%87,5","19","12","2","1","21","2","0","2"
"Akhisarspor","Bursaspor","3","1","%45,9","%42,4","%38,5","29","2","3","%54,1","%57,6","%61,5","22","1","5","371","74","%69,5","%52,6","14","%14,3","426","70","%70,2","%58,9","21","%28,6","3","13","6","3","6","7","%46,2","1","10","4","2","7","3","%40,0","11","%63,6","30","20","%65,0","13","21","2","0","17","4","0","1"
"İstanbul Başakşehir","Bursaspor","2","1","%47,8","%51,2","%60,0","19","3","6","%52,2","%48,8","%40,0","19","1","1","405","66","%83,0","%70,0","19","%10,5","451","62","%80,5","%69,5","9","%55,6","2","8","3","0","3","5","%37,5","1","7","2","2","2","5","%28,6","7","%85,7","7","10","%100,0","17","26","1","0","22","3","1","1"
"Beşiktaş","Galatasaray","2","1","%49,1","%47,7","%38,1","21","1","9","%50,9","%52,3","%61,9","17","1","1","399","45","%81,2","%68,6","26","%23,1","432","64","%80,6","%72,0","9","%11,1","2","21","9","4","12","9","%42,9","1","8","4","2","6","2","%50,0","13","%76,9","8","26","%69,2","26","17","2","0","25","5","0","1"
"Çaykur Rizespor","Bursaspor","2","3","%48,1","%52,7","%42,9","13","1","7","%51,9","%47,3","%57,1","28","0","4","411","87","%77,6","%65,1","31","%32,3","462","61","%81,2","%69,0","14","%28,6","2","17","5","2","4","13","%29,4","3","10","4","3","5","5","%40,0","26","%84,6","9","16","%87,5","21","10","2","0","11","2","0","2"
"Kasımpaşa","Sivasspor","2","1","%46,5","%55,0","%74,3","19","1","8","%53,5","%45,0","%25,7","12","1","3","316","60","%71,8","%60,6","24","%29,2","368","61","%74,2","%62,9","22","%13,6","2","19","7","5","3","16","%36,8","1","10","4","2","6","4","%40,0","19","%73,7","17","18","%77,8","20","29","2","0","24","2","0","1"
"Bursaspor","Beşiktaş","0","1","%52,3","%49,5","%37,5","16","3","4","%47,7","%50,5","%62,5","22","4","10","382","77","%69,6","%59,0","21","%28,6","346","62","%70,2","%59,8","20","%10,0","0","12","5","0","7","5","%41,7","1","9","2","2","4","5","%22,2","21","%66,7","23","15","%66,7","16","20","3","0","20","3","0","2"
"Gaziantepspor","Osmanlıspor FK","2","1","%46,9","%50,8","%55,8","23","1","0","%53,1","%49,2","%44,2","22","3","11","363","80","%70,0","%61,0","6","%16,7","382","75","%73,6","%61,2","34","%14,7","2","10","3","1","5","5","%30,0","1","16","3","6","6","10","%18,8","14","%78,6","39","20","%80,0","14","14","1","1","19","0","1","1"
"Çaykur Rizespor","Mersin İdmanyurdu","2","0","%58,2","%55,2","%63,0","14","0","4","%41,8","%44,8","%37,0","26","2","3","627","82","%86,8","%77,3","15","%40,0","453","71","%81,5","%74,9","11","%36,4","2","19","9","2","5","14","%47,4","0","14","3","6","9","5","%21,4","17","%58,8","8","15","%60,0","11","9","0","0","9","1","0","1"
"Bursaspor","Gençlerbirliği","3","2","%51,4","%53,1","%57,6","19","2","3","%48,6","%46,9","%42,4","29","5","6","424","71","%74,3","%63,7","23","%30,4","407","61","%72,7","%57,3","18","%5,6","3","10","4","0","2","8","%40,0","2","10","7","0","6","4","%70,0","20","%70,0","22","16","%81,3","17","18","2","0","19","4","0","1"
"Kayserispor","Galatasaray","1","1","%38,3","%46,5","%71,4","25","4","5","%61,7","%53,5","%28,6","16","4","3","321","63","%72,0","%67,1","23","%43,5","531","71","%81,9","%73,0","17","%29,4","1","15","6","0","5","10","%40,0","1","13","4","3","5","8","%30,8","17","%70,6","16","13","%76,9","13","24","3","0","12","2","0","0"
"Gençlerbirliği","Eskişehirspor","3","1","%47,9","%58,8","%47,4","10","0","3","%52,1","%41,2","%52,6","19","2","7","502","74","%83,7","%76,8","17","%23,5","540","45","%88,3","%80,4","23","%17,4","3","9","3","1","4","5","%33,3","1","12","5","3","6","6","%41,7","24","%75,0","16","12","%75,0","6","13","1","0","15","2","0","1"
"Akhisarspor","Eskişehirspor","1","0","%49,6","%47,6","%43,8","18","1","0","%50,4","%52,4","%56,3","29","2","3","456","74","%75,2","%53,9","19","%15,8","463","75","%76,2","%63,0","19","%10,5","1","6","2","0","6","0","%33,3","0","11","0","5","9","2","%0,0","18","%72,2","26","14","%85,7","18","22","3","0","13","1","0","1"
"Kayserispor","Osmanlıspor FK","1","0","%47,9","%52,1","%53,1","16","0","4","%52,1","%47,9","%46,9","16","6","6","337","80","%68,0","%54,9","18","%16,7","361","68","%71,7","%53,5","23","%13,0","1","15","6","1","10","5","%40,0","0","9","4","3","4","5","%44,4","25","%72,0","13","20","%80,0","14","22","1","0","15","2","0","1"
"Bursaspor","Gaziantepspor","0","1","%59,7","%57,5","%50,0","28","1","5","%40,3","%42,5","%50,0","17","2","4","474","65","%79,3","%66,9","17","%23,5","322","67","%71,1","%60,8","13","%23,1","0","12","4","1","6","6","%33,3","1","15","3","5","8","7","%20,0","27","%63,0","8","17","%88,2","17","18","4","0","25","3","0","2"
"Eskişehirspor","Beşiktaş","1","2","%42,9","%49,6","%68,4","23","1","2","%57,1","%50,4","%31,6","28","2","9","379","57","%76,8","%67,1","10","%20,0","503","58","%83,1","%70,6","23","%4,3","1","10","4","0","4","6","%40,0","2","19","4","6","11","8","%21,1","26","%80,8","18","30","%76,7","12","18","3","0","16","1","0","2"
"Antalyaspor","Gaziantepspor","0","0","%58,9","%49,5","%51,7","21","1","7","%41,1","%50,5","%48,3","20","0","5","382","57","%75,9","%66,7","22","%27,3","263","71","%65,0","%58,4","20","%30,0","0","12","3","3","4","8","%25,0","0","17","4","3","9","8","%23,5","20","%85,0","15","21","%66,7","17","22","2","1","19","2","1","0"
"Trabzonspor","Sivasspor","1","0","%47,0","%53,2","%52,2","32","3","6","%53,0","%46,8","%47,8","31","3","5","390","73","%73,8","%61,2","24","%16,7","441","62","%80,3","%69,0","23","%30,4","1","5","3","1","1","4","%60,0","0","16","6","2","4","12","%37,5","14","%64,3","14","13","%84,6","20","20","5","0","19","3","0","1"
"Gaziantepspor","İstanbul Başakşehir","0","1","%59,9","%56,4","%37,5","18","3","2","%40,1","%43,6","%62,5","31","1","3","516","72","%75,2","%62,1","13","%15,4","342","68","%70,8","%58,8","8","%25,0","0","3","1","0","2","1","%33,3","1","5","1","0","2","3","%20,0","25","%80,0","14","17","%64,7","10","16","2","0","21","0","0","2"
"Osmanlıspor FK","Akhisarspor","1","0","%51,0","%55,4","%48,4","22","2","8","%49,0","%44,6","%51,6","23","2","7","416","72","%77,6","%69,8","16","%31,3","398","67","%74,4","%56,1","13","%38,5","1","17","4","1","9","8","%23,5","0","4","0","0","1","3","%0,0","16","%68,8","15","18","%72,2","16","16","3","0","15","3","0","1"
"Fenerbahçe","İstanbul Başakşehir","1","0","%58,9","%58,0","%57,1","20","2","3","%41,1","%42,0","%42,9","22","4","5","479","68","%79,5","%68,1","23","%8,7","336","77","%68,2","%56,9","12","%25,0","1","12","6","1","5","7","%50,0","0","7","2","2","3","4","%28,6","25","%64,0","21","20","%85,0","36","19","2","0","25","4","1","1"
"Fenerbahçe","Gaziantepspor","3","0","%67,6","%49,6","%61,1","14","2","11","%32,4","%50,4","%38,9","20","0","2","532","55","%86,8","%82,0","18","%50,0","255","51","%68,6","%46,2","6","%16,7","3","21","9","2","9","12","%42,9","0","5","1","4","4","1","%20,0","25","%64,0","8","31","%77,4","22","13","1","0","15","3","0","1"
"Osmanlıspor FK","Gaziantepspor","1","1","%51,0","%62,6","%56,5","20","5","10","%49,0","%37,4","%43,5","26","1","2","367","66","%73,3","%61,9","27","%33,3","362","62","%69,6","%62,1","9","%22,2","1","14","2","3","3","11","%14,3","1","5","1","1","5","0","%20,0","22","%86,4","16","15","%80,0","26","12","2","0","15","3","0","0"
"Çaykur Rizespor","Kasımpaşa","2","0","%38,9","%45,6","%34,8","12","1","4","%61,1","%54,4","%65,2","11","1","14","321","86","%71,3","%53,9","19","%15,8","499","63","%83,8","%72,0","37","%21,6","2","11","5","3","4","7","%45,5","0","18","7","5","10","8","%38,9","15","%60,0","25","9","%66,7","17","13","4","0","11","2","0","1"
"Osmanlıspor FK","Fenerbahçe","0","1","%44,6","%40,5","%38,9","18","1","5","%55,4","%59,5","%61,1","18","2","4","307","54","%70,7","%57,6","22","%9,1","389","75","%74,0","%60,2","14","%21,4","0","15","3","6","8","7","%20,0","1","11","5","1","6","5","%45,5","14","%85,7","25","26","%61,5","33","22","4","0","17","1","0","2"
"Mersin İdmanyurdu","Gaziantepspor","0","0","%58,4","%45,0","%42,9","17","1","5","%41,6","%55,0","%57,1","19","2","3","470","89","%76,8","%64,8","24","%20,8","340","70","%66,2","%55,6","14","%7,1","0","18","6","3","7","11","%33,3","0","7","1","2","4","3","%14,3","20","%65,0","9","18","%72,2","36","23","3","0","15","2","0","0"
"Konyaspor","Eskişehirspor","3","2","%60,7","%56,5","%77,3","11","3","2","%39,3","%43,5","%22,7","26","0","4","513","71","%78,4","%65,1","15","%20,0","331","72","%66,8","%55,3","14","%28,6","3","6","5","0","4","2","%83,3","2","10","6","1","8","2","%60,0","25","%84,0","10","24","%66,7","15","15","2","0","18","3","0","1"
"Sivasspor","Konyaspor","0","0","%56,8","%59,6","%61,5","16","0","8","%43,2","%40,4","%38,5","21","1","1","507","86","%82,1","%66,5","36","%19,4","394","70","%76,1","%63,4","16","%12,5","0","11","0","2","1","10","%0,0","0","7","3","1","4","3","%42,9","14","%57,1","13","15","%66,7","21","10","1","1","18","2","0","0"
"Mersin İdmanyurdu","Kayserispor","1","2","%62,8","%50,0","%34,6","14","4","6","%37,2","%50,0","%65,4","19","0","3","436","57","%78,2","%64,1","22","%18,2","257","56","%68,5","%57,7","15","%20,0","1","12","4","2","5","7","%33,3","2","12","5","2","6","6","%41,7","16","%75,0","12","11","%81,8","19","19","2","0","25","3","0","2"
"İstanbul Başakşehir","Eskişehirspor","2","1","%67,5","%58,0","%71,4","8","1","10","%32,5","%42,0","%28,6","26","1","2","578","61","%83,2","%71,3","35","%20,0","288","70","%69,1","%59,9","5","%0,0","2","14","4","3","6","8","%28,6","1","9","4","1","5","4","%44,4","19","%63,2","6","24","%83,3","35","8","3","0","16","4","0","1"
"Mersin İdmanyurdu","Antalyaspor","0","1","%43,1","%51,8","%60,0","21","3","2","%56,9","%48,2","%40,0","19","1","6","422","67","%76,5","%67,1","8","%12,5","559","74","%82,6","%73,1","7","%42,9","0","8","3","0","7","1","%37,5","1","12","5","3","5","7","%41,7","15","%86,7","14","11","%90,9","12","14","2","0","14","1","1","2"
"Gençlerbirliği","Osmanlıspor FK","1","0","%43,5","%43,5","%40,6","30","1","3","%56,5","%56,5","%59,4","13","0","8","299","54","%69,9","%55,8","11","%18,2","367","71","%69,5","%58,9","38","%31,6","1","8","3","1","4","4","%37,5","0","19","4","2","10","9","%21,1","16","%56,3","41","15","%66,7","11","26","2","0","15","2","0","1"
"Antalyaspor","Çaykur Rizespor","2","1","%58,8","%56,5","%52,4","19","0","8","%41,2","%43,5","%47,6","25","1","4","467","51","%85,7","%78,6","25","%48,0","324","65","%77,2","%68,8","18","%22,2","2","21","7","4","9","12","%33,3","1","7","2","2","5","2","%28,6","17","%70,6","18","11","%72,7","13","15","1","0","17","1","0","1"
"Mersin İdmanyurdu","Galatasaray","2","1","%39,7","%44,3","%52,6","20","4","7","%60,3","%55,7","%47,4","23","3","5","301","62","%69,8","%58,6","12","%25,0","462","69","%82,7","%71,9","26","%11,5","2","11","5","1","4","7","%45,5","1","15","6","2","10","5","%40,0","14","%71,4","18","19","%89,5","18","15","2","0","15","5","1","1"
"Konyaspor","Çaykur Rizespor","3","1","%59,2","%47,1","%54,3","13","1","8","%40,8","%52,9","%45,7","16","2","5","519","67","%83,0","%71,7","17","%41,2","348","73","%75,3","%64,5","22","%27,3","3","12","6","0","4","8","%50,0","1","8","2","2","3","5","%25,0","7","%85,7","19","15","%73,3","16","13","0","0","11","1","0","1"
"Gençlerbirliği","Beşiktaş","1","1","%32,4","%47,7","%50,0","19","1","5","%67,6","%52,3","%50,0","14","3","9","261","62","%62,5","%45,2","13","%7,7","536","58","%82,3","%72,3","38","%34,2","1","6","2","0","5","1","%33,3","1","17","7","3","6","11","%41,2","24","%66,7","27","14","%64,3","13","27","4","0","11","4","0","0"
"Akhisarspor","Antalyaspor","2","1","%53,1","%47,2","%37,1","21","3","2","%46,9","%52,8","%62,9","18","0","1","457","65","%75,7","%64,5","16","%37,5","405","80","%70,9","%60,9","10","%20,0","2","11","6","3","8","3","%54,5","1","10","2","4","4","6","%20,0","17","%76,5","9","14","%78,6","12","20","2","0","18","2","0","1"
"Gençlerbirliği","Mersin İdmanyurdu","1","1","%51,1","%44,8","%49,1","20","1","3","%48,9","%55,2","%50,9","23","2","8","393","68","%71,2","%66,7","13","%46,2","368","72","%67,9","%58,5","21","%23,8","1","17","7","2","7","10","%41,2","1","5","3","1","4","1","%60,0","9","%88,9","14","15","%66,7","13","28","1","0","21","2","0","0"
"Osmanlıspor FK","Galatasaray","3","2","%41,2","%45,8","%39,1","30","5","1","%58,8","%54,2","%60,9","18","0","7","329","71","%70,5","%61,3","11","%45,5","461","74","%74,2","%62,5","20","%5,0","3","14","7","1","3","11","%50,0","2","12","5","4","8","4","%41,7","16","%87,5","30","18","%88,9","9","18","3","0","16","2","0","1"
"Sivasspor","Bursaspor","1","2","%48,7","%54,5","%44,1","17","3","6","%51,3","%45,5","%55,9","23","1","5","364","93","%70,9","%61,7","31","%29,0","401","90","%69,6","%62,6","18","%33,3","1","14","2","3","2","12","%14,3","2","13","6","2","4","9","%46,2","25","%76,0","21","20","%85,0","15","16","2","0","16","0","0","2"
"Antalyaspor","Beşiktaş","1","5","%44,9","%47,4","%40,0","16","0","2","%55,1","%52,6","%60,0","18","2","5","396","56","%82,3","%73,0","7","%0,0","486","57","%83,3","%73,9","12","%25,0","1","12","6","4","11","1","%50,0","5","14","10","2","2","12","%71,4","21","%71,4","11","23","%82,6","4","17","3","0","18","2","0","2"
"Bursaspor","Antalyaspor","0","2","%53,7","%59,8","%56,5","21","0","5","%46,3","%40,2","%43,5","14","4","3","463","61","%81,2","%68,7","22","%27,3","410","76","%78,8","%67,5","13","%7,7","0","21","3","5","13","8","%14,3","2","10","4","2","4","6","%40,0","17","%47,1","7","13","%84,6","16","16","1","1","22","2","0","2"
"Osmanlıspor FK","Gençlerbirliği","3","1","%46,7","%48,0","%35,0","24","2","5","%53,3","%52,0","%65,0","35","0","6","405","60","%76,0","%66,9","10","%40,0","447","49","%79,9","%67,6","23","%0,0","3","17","6","1","6","11","%35,3","1","19","4","11","14","5","%21,1","20","%80,0","27","18","%77,8","11","14","0","0","19","1","0","1"
"Beşiktaş","İstanbul Başakşehir","2","0","%52,0","%57,8","%55,0","10","3","5","%48,0","%42,2","%45,0","11","1","9","451","71","%76,7","%68,5","21","%19,0","415","48","%79,5","%70,4","25","%24,0","2","16","7","6","6","10","%43,8","0","17","5","4","11","6","%29,4","19","%73,7","20","14","%100,0","17","14","1","0","20","3","0","1"
"Konyaspor","Osmanlıspor FK","1","1","%53,9","%57,4","%52,4","15","0","6","%46,1","%42,6","%47,6","11","1","7","356","72","%68,3","%53,6","25","%20,0","308","72","%64,9","%57,3","18","%27,8","1","8","5","2","3","5","%62,5","1","12","6","0","6","6","%50,0","21","%61,9","9","14","%71,4","19","11","2","0","22","4","0","0"
"Fenerbahçe","Mersin İdmanyurdu","4","1","%59,1","%47,8","%55,2","17","1","11","%40,9","%52,2","%44,8","22","2","2","527","49","%86,5","%78,5","26","%23,1","372","61","%74,2","%57,9","9","%11,1","4","17","6","2","8","9","%35,3","1","5","2","1","3","2","%40,0","20","%80,0","30","23","%69,6","13","16","0","0","6","1","0","1"
"Kasımpaşa","Mersin İdmanyurdu","7","0","%67,2","%47,0","%61,1","11","2","8","%32,8","%53,0","%38,9","19","1","3","557","68","%89,0","%78,4","22","%27,3","277","72","%71,8","%56,3","5","%40,0","7","23","15","4","5","18","%65,2","0","5","0","2","3","2","%0,0","16","%75,0","2","20","%70,0","14","25","0","0","12","1","0","1"
"Sivasspor","Kayserispor","0","0","%47,8","%52,4","%54,5","20","4","0","%52,2","%47,6","%45,5","18","2","7","305","87","%66,9","%55,9","15","%40,0","329","68","%71,4","%61,1","30","%26,7","0","6","3","0","3","3","%50,0","0","11","3","6","7","4","%27,3","25","%84,0","22","20","%80,0","6","18","1","0","17","3","0","0"
"Çaykur Rizespor","Trabzonspor","3","0","%41,9","%43,9","%29,2","19","1","5","%58,1","%56,1","%70,8","23","0","15","359","78","%72,4","%63,2","14","%42,9","471","51","%84,5","%72,5","45","%22,2","3","11","7","0","5","6","%63,6","0","29","13","8","11","18","%44,8","16","%68,8","35","15","%53,3","11","14","2","0","15","3","0","1"
"Galatasaray","Trabzonspor","2","1","%69,1","%47,1","%54,5","10","1","9","%30,9","%52,9","%45,5","10","3","4","573","45","%88,3","%79,7","41","%22,0","267","50","%70,4","%61,2","6","%16,7","2","28","8","9","15","13","%28,6","1","6","2","1","4","2","%33,3","8","%75,0","11","11","%45,5","37","9","2","0","9","0","4","1"
"Sivasspor","Gaziantepspor","3","0","%52,8","%47,8","%45,0","20","1","9","%47,2","%52,2","%55,0","26","6","1","414","74","%80,2","%67,6","25","%48,0","384","51","%79,2","%68,7","9","%11,1","3","18","7","2","1","17","%38,9","0","7","1","1","5","2","%14,3","15","%93,3","13","17","%70,6","17","17","1","1","15","3","0","1"
"Bursaspor","Fenerbahçe","0","0","%40,1","%48,7","%36,4","31","3","1","%59,9","%51,3","%63,6","17","4","8","339","83","%65,5","%56,4","11","%9,1","487","60","%80,5","%71,2","35","%34,3","0","7","2","1","6","1","%28,6","0","30","8","7","11","19","%26,7","20","%70,0","22","14","%64,3","14","11","2","0","18","2","0","0"
"Mersin İdmanyurdu","Konyaspor","0","2","%41,2","%44,8","%44,0","21","2","4","%58,8","%55,2","%56,0","17","4","5","348","63","%70,4","%57,5","16","%12,5","507","80","%82,1","%76,1","11","%36,4","0","7","4","1","6","1","%57,1","2","11","5","0","4","7","%45,5","9","%66,7","10","16","%81,3","15","18","1","1","19","2","0","2"
"Fenerbahçe","Sivasspor","2","1","%61,0","%58,3","%58,8","19","5","10","%39,0","%41,7","%41,2","14","8","1","429","74","%78,8","%66,6","36","%25,0","288","65","%70,8","%57,4","9","%22,2","2","25","8","7","7","18","%32,0","1","8","3","1","1","7","%37,5","18","%77,8","5","17","%70,6","34","15","3","0","20","7","0","1"
"Eskişehirspor","İstanbul Başakşehir","1","2","%61,2","%47,6","%41,4","18","0","10","%38,8","%52,4","%58,6","21","3","3","514","82","%83,1","%70,6","47","%21,3","342","68","%75,1","%66,2","10","%20,0","1","14","2","5","5","9","%14,3","2","9","4","2","3","6","%44,4","6","%83,3","15","14","%64,3","37","13","1","0","15","4","0","2"
"Beşiktaş","Gençlerbirliği","1","0","%64,4","%55,2","%58,3","13","0","5","%35,6","%44,8","%41,7","28","3","0","530","65","%84,3","%75,4","32","%31,3","298","48","%69,1","%61,0","9","%22,2","1","21","7","3","8","13","%33,3","0","6","1","0","4","2","%16,7","18","%61,1","10","15","%53,3","24","14","2","0","19","3","0","1"
"Galatasaray","Fenerbahçe","0","0","%52,0","%41,2","%43,8","22","3","3","%48,0","%58,8","%56,3","22","9","4","352","70","%69,9","%56,9","16","%25,0","326","53","%70,2","%64,6","21","%38,1","0","3","1","0","2","1","%33,3","0","18","4","1","5","13","%22,2","14","%64,3","28","23","%78,3","19","19","2","0","15","0","0","0"
"Eskişehirspor","Kasımpaşa","0","3","%53,1","%56,8","%44,0","10","2","9","%46,9","%43,2","%56,0","20","2","4","386","71","%76,7","%61,1","26","%15,4","349","56","%72,2","%66,1","13","%23,1","0","15","2","5","10","5","%13,3","3","14","8","2","9","5","%57,1","19","%94,7","23","11","%72,7","17","10","3","0","19","1","0","2"
"Gençlerbirliği","Akhisarspor","3","1","%57,9","%45,0","%36,8","22","0","3","%42,1","%55,0","%63,2","27","0","2","512","68","%79,5","%67,9","19","%5,3","372","64","%72,3","%61,2","12","%25,0","3","12","4","6","7","5","%33,3","1","13","3","2","3","10","%23,1","13","%92,3","12","24","%50,0","20","12","2","0","21","4","0","1"
"Sivasspor","Osmanlıspor FK","1","1","%59,8","%51,2","%62,2","9","1","5","%40,2","%48,8","%37,8","18","3","7","445","70","%79,6","%70,0","22","%13,6","294","65","%68,7","%56,4","21","%9,5","1","6","2","1","3","3","%33,3","1","11","3","3","4","7","%27,3","19","%68,4","30","19","%94,7","23","17","5","0","20","2","1","0"
"Beşiktaş","Trabzonspor","1","2","%56,2","%44,0","%25,0","15","4","7","%43,8","%56,0","%75,0","10","5","4","518","42","%85,9","%77,0","18","%22,2","399","49","%81,2","%73,4","20","%35,0","1","11","3","4","7","4","%27,3","2","15","7","1","7","8","%46,7","17","%76,5","13","26","%69,2","21","15","3","1","18","3","0","2"
"Çaykur Rizespor","Eskişehirspor","1","1","%59,1","%54,3","%57,1","22","1","5","%40,9","%45,7","%42,9","27","1","2","542","53","%81,9","%72,8","25","%32,0","388","74","%72,7","%57,5","7","%0,0","1","18","4","4","11","7","%22,2","1","5","3","1","4","1","%60,0","27","%92,6","18","19","%73,7","22","12","2","0","8","4","0","0"
"Mersin İdmanyurdu","Eskişehirspor","1","2","%52,0","%45,2","%25,0","18","1","8","%48,0","%54,8","%75,0","17","0","3","427","54","%80,6","%65,7","22","%18,2","401","72","%81,8","%67,5","15","%20,0","1","9","2","5","5","4","%22,2","2","12","7","1","4","8","%58,3","25","%84,0","13","14","%85,7","16","21","2","0","17","2","0","2"
"Gençlerbirliği","Trabzonspor","3","1","%41,9","%46,8","%47,1","18","2","5","%58,1","%53,2","%52,9","15","1","2","344","55","%73,8","%62,2","17","%41,2","485","39","%81,2","%71,7","16","%25,0","3","12","4","6","5","7","%33,3","1","8","1","3","3","5","%12,5","13","%92,3","12","19","%68,4","12","14","2","0","15","5","0","1"
"İstanbul Başakşehir","Kasımpaşa","1","1","%55,1","%47,2","%42,1","19","1","5","%44,9","%52,8","%57,9","20","2","0","400","57","%75,8","%67,1","14","%7,1","334","90","%72,2","%62,0","8","%50,0","1","14","6","3","6","8","%42,9","1","8","3","2","5","3","%37,5","16","%87,5","9","23","%82,6","22","22","3","0","21","3","0","0"
